Nível 1;Nível 2;Nível 3;Nível 4;Pontos EPSPL;Nivel 0;Nivel 1;Nivel 2;Nivel 3;Nivel 4;Nivel 5;
Objetivos;;;;;;;;;;;
;Verificar objetivos iniciais do paciente com nosso programa;;;;;;;;;;
;;Opções;;;;;;;;;
;;;Texto livre?;;;;;;;;
;Percepção de futuro (5-10-20-30 anos);;;;;;;;;;
;;5 anos:;;;;;;;;;
;;10 anos:;;;;;;;;;
;;20 anos:;;;;;;;;;
;;30 anos:;;;;;;;;;
;Adesão a planos e perfil comportamental, auto-percepção de responsabilidades;;;;;;;;;;
;;Opções;;;;;;;;;
;;;Muito disciplinado;;;;;;;;
;;;Disciplina moderada, começa bem e perde interesse;;;;;;;;
;;;"Pouco disciplinado, precisa que alguém sempre ""pegue na mão""";;;;;;;;
Alimentação;;;;;;;;;;;
;Histórico;;;;;;;;;;
;;Pré-natal;;;;;;;;;
;;;O que pais comiam antes e durante gestação;5;Desnutrição severa peri-gestacional;;Junk food predominante;Dieta regular com escapes esporádicos;Alimentação adequada;Alimentação adequada com suplementação adequada;
;;;Perfil metabólico da mãe na época (foco em diabetes, dislipidemia, obesidade, hipertensão arterial);5;Mais de 3 distúrbios descontrolados;2 distúrbios descontrolados;1 distúrbio descontrolado;Alteração leve;Disturbio metabólico em situação controlada;Sem distúrbio metabólico conhecido;
;;;Perfil metabólico do pai na época (foco em diabetes, dislipidemia, obesidade, hipertensão arterial);3;Mais de 3 distúrbios descontrolados;2 distúrbios descontrolados;1 distúrbio descontrolado;Alteração leve;Disturbio metabólico em situação controlada;Sem distúrbio metabólico conhecido;
;;;Hábitos e vícios da mãe na época (tabagismo, etilismo, uso de drogas);5;3+ vícios;2 vícios conhecidos;1 vício conhecido;;;Sem história de consumo perinatal;
;;;Hábitos e vícios do pai na época (tabagismo, etilismo, uso de drogas);3;3+ vícios;2 vícios conhecidos;1 vício conhecido;;;Sem história de consumo perinatal;
;;Infância;;;;;;;;;
;;;Aleitamento materno até qual idade;5;Nenhum;2m;3m;6m;1 ano;2+ anos;
;;;Introdução alimentar;5;1m;2m;3m;4m;5m;Após 6m;
;;;Qualidade da alimentação na idade pré-escolar;5;Falta de alimentos / fome frequentemente;Junk food predominante;Muito seletivo;Alimentação adequada com escapes periódicos;Alimentação adequada;Alimentação adequada com suplementação adequada;
;;;Qualidade da alimentação na idade escolar;5;Falta de alimentos / fome frequentemente;Junk food predominante;Muito seletivo;Alimentação adequada com escapes periódicos;Alimentação adequada;Alimentação adequada com suplementação adequada;
;;Adolescência;;;;;;;;;
;;;Qualidade da alimentação na adolescência;5;Falta de alimentos / fome frequentemente;Junk food predominante;Muito seletivo;Alimentação adequada com escapes periódicos;Alimentação adequada;Alimentação adequada com suplementação adequada;
;;Vida adulta;;;;;;;;;
;;;Qualidade da alimentação na vida adulta;5;Falta de alimentos / fome frequentemente;Junk food predominante;Muito seletivo;Alimentação adequada com escapes periódicos;Alimentação adequada;Alimentação adequada com suplementação adequada;
;;;Piores períodos de alimentação;;;;;;;;
;;Dietas já usadas;;;;;;;;;
;;;Qual dieta e quando foi tentada, duração e resultados obtidos;;;;;;;;
;;Intolerâncias;;;;;;;;;
;;;Gluten;3;Intolerância severa;;;Intolerância leve / poucos sintomas;;Nenhuma intolerância;
;;;Lactose;3;Intolerância severa;;;Intolerância leve / poucos sintomas;;Nenhuma intolerância;
;;;Proteína do leite;3;Intolerância severa;;;Intolerância leve / poucos sintomas;;Nenhuma intolerância;
;;;Histamina;3;Intolerância severa;;;Intolerância leve / poucos sintomas;;Nenhuma intolerância;
;;;Alergias alimentares específicas;;;;;;;;
;;;Alimentos que não gosta;;;;;;;;
;;Preferências;;;;;;;;;
;;;Tipo de alimentos que mais gosta;;;;;;;;
;;Histórico familiar de alimentação (pais, irmãos, avós...);;;;;;;;;
;;;Identificar qualidade da alimentação dos parentes próximos;;;;;;;;
;;;Identificar problemas alimentares que podem ter influenciado na vida do paciente;;;;;;;;
;Atual;;;;;;;;;;
;;Estratégia macro atual;;;;;;;;;
;;;Livre;;;;;;;;
;;;Low carb;;;;;;;;
;;;Vegetariana;;;;;;;;
;;;Vegana;;;;;;;;
;;;Cetogênica;;;;;;;;
;;;Carnívora;;;;;;;;
;;Divisão e Horários das refeições;;10;<=1 refeição por dia;2 refeições ao dia com intervalos irregulares;3 refeições ao dia com intervalos irregulares;;;Adequada conforme orientação da nutrição;
;;Onde e como come;;10;Nenhuma refeição em situação ideal;;Ao menos 1 refeição em situação ideal;;Ao menos 2 refeições situação ideal;Todas as refeições na mesa, com calma e sem distratores;
;;Quem prepara as refeições;;;;;;;;;
;;Ordem dos alimentos na refeição;;5;Nenhuma refeição com planejada;;Ao menos 1 refeição com ordem planejada;;Ao menos 2 refeições com ordem planejada;Todas as refeições com ordem planejada;
;;Líquidos no dia;;;;;;;;;
;;;Tipos de líquidos consumidos;5; +50% álcool; + 30% álcool; +30% refrigerantes; +30% água, < 30%refrigerantes, 0% álcool; +50% água, <30% refrigerantes, 0% álcool; +70% água, 0% álcool ou refrigerantes;
;;;Quantidade total do dia;5;<10ml/kg;10-15ml/kg;15-20ml/kg;20-30ml/kg;30-40ml/kg;>40ml/kg;
;;;Distribuição;5;Quase nenhuma ingesta;Apenas junto das refeições;Distribuição irregular ao longo do dia;Água ao acordar mas distribuição irregular ao longo do dia;Distribuição equilibrada ao longo do dia;Água ao acordar + distribuição equilibrada ao longo do dia;
;;Recordatório detalhado das refeições;;;;;;;;;
;;;Obter recordatório detalhado das últimas 2 semanas;30;Nenhum dia com dieta adequada;Dieta adequada em 1 a 3 dias dos últimos 14;Dieta adequada em 4 a 6 dias nos últimos 14;Dieta adequada em 7 a 9 dias nos últimos 14;Dieta adequada em 10 a 12 dias nos ultimos 14 dias;Dieta adequada conforme melhores práticas em 13 a 14 dias nos últimos 14;
;;Situação familiar de alimentação (cônjuge, filhos, pessoas que estão na mesma casa);;;;;;;;;
;;;Todos seguem o mesmo padrão alimentar do paciente;3;Ninguém segue;Menos da metade segue;;Todos seguem +50% do tempo;;Todos seguem sempre;
;;;Identificar focos de ajuda ou dificuldade na qualidade da alimentação;;;;;;;;
;;Suplementação utilizada e dose;;;;;;;;;
;;;Whey;3;Indicado mas não usa;;Usa <1/3 do indicado;Usa <2/3 do indicado;;Uso correto ou Não precisa usar;
;;;Creatina;3;Indicado mas não usa;;Usa <1/3 do indicado;Usa <2/3 do indicado;;Uso correto ou Não precisa usar;
;;;Colágeno;3;Indicado mas não usa;;Usa <1/3 do indicado;Usa <2/3 do indicado;;Uso correto ou Não precisa usar;
;;;Shots;3;Indicado mas não usa;;Usa <1/3 do indicado;Usa <2/3 do indicado;;Uso correto ou Não precisa usar;
;;;Outros:;3;Indicado mas não usa;;Usa <1/3 do indicado;Usa <2/3 do indicado;;Uso correto ou Não precisa usar;
Movimento e atividade física;;;;;;;;;;;
;Histórico;;;;;;;;;;
;;Infância;;;;;;;;;
;;;Esportes praticados (frequência e intensidade);5;Nenhum esporte na infância;Atividades irregulares por menos de 5 anos;1-2h de atividade por semana por 5+ anos;2-3h de atividade por semana por 5+ anos;3-5h deatividade por semana por 5+ anos;Mais de 5h de atividades por semana por 5+ anos;
;;;Atividades ao ar livre;;;;;;;;
;;Adolescência;;;;;;;;;
;;;Esportes praticados (frequência e intensidade);5;Nenhum esporte na adolescência;Atividades irregulares por menos de 5 anos;1-2h de atividade por semana por 5+ anos;2-3h de atividade por semana por 5+ anos;3-5h deatividade por semana por 5+ anos;Mais de 5h de atividades por semana por 5+ anos;
;;;Atividades ao ar livre;;;;;;;;
;;Vida adulta;;;;;;;;;
;;;Esportes praticados (frequência e intensidade);5;Nenhum esporte na vida adulta;Atividades irregulares por menos de 5 anos;1-2h de atividade por semana por 5+ anos;2-3h de atividade por semana por 10+ anos;3-5h deatividade por semana por 10+ anos;Mais de 5h de atividades por semana por 10+ anos;
;;;Atividades ao ar livre;;;;;;;;
;;Melhores fases atléticas (idade, duração, esportes praticados);;;;;;;;;
;;Piores fases de sedentarismo (idade, duração, fatores associados);;;;;;;;;
;;Modalidades de esporte preferidas;;;;;;;;;
;;"Modalidades de esporte ""odiadas""";;;;;;;;;
;;Lesões relacionadas ao exercício;;5;Lesão com limitação grave permanente;Lesão com limitação leve permanente;Lesão com limitação por 1 a 5 anos;Lesão com limitação grave < 1 ano;Lesão com limitação leve < 1 ano;Nenhuma lesão grave;
;;Cirurgias realizadas relacionadas ao exercício;;5;3+ cirurgias;Duas cirurgias de grande porte;Uma cirurgia de grande porte;Duas cirurgias de pequeno porte;Uma cirurgia de pequeno porte;Nenhuma cirurgia realizada;
;;Restrições de atividades;;;;;;;;;
;;Histórico familiar de exercícios;;;;;;;;;
;Atual;;;;;;;;;;
;;Estratégia macro atual;;20;Sedentário;Leve;Moderado;Intenso;Atleta amador;Atleta elite;
;;Divisão das atividades;;20;Sedentário;Segue plano semanal menos de 50% dos dias;;Segue plano semanal 50-90% dos dias;;Segue plano semanal +90% dos dias;
;;Horários;;;;;;;;;
;;Onde e como faz;;;;;;;;;
;;Quem treina;;;;;;;;;
;;Suplementação pré, intra e pós treinos;;5;Não usa;;Usa irregularmente;;Usa regularmente sem prescrição;Usa conforme prescrição;
;;Provas/desafios planejados para os próximos 6 meses;;;;;;;;;
;;Situação familiar/amigos de exercícios atual;;;;;;;;;
Sono;;;;;;;;;;;
;Histórico;;;;;;;;;;
;;Infância;;;;;;;;;
;;;Sono na primeira infância, quarto próprio/irmãos/pais;5;Sono ruim na infância, sem rotina, duração inadequada, ambiente ruim, insônias;;;Sono adequado na maior parte da infância;;;Sono com rotina e duração adequados na infância
;;;Idade desfralde;3;Desfralde >8 anos;Desfralde >7 anos;Desfralde >6 anos;Desfralde >5 anos;Desfralde >4 anos;Desfralde entre 2-4 anos;
;;;Presença enurese;3;Enurese > 14 anos;Enurese > 12 anos;Enurese > 10 anos;Enurese > 8 anos;Enurese > 6 anos;Sem enurese aos 6 anos;
;;Adolescência;;;;;;;;;
;;;Qualidade do sono na adolescência;5;Sono constantemente irregular, ambiente ruim, hábitos ruins;;;Sono adequado na maior parte dos dias;;;Sono com rotina e duração adequados na adolescência
;;Vida adulta;;;;;;;;;
;;;Melhores épocas de sono (idade, duração do sono, horários);;;;;;;;
;;;Piores épocas de sono (idade, duração do sono, horários, fatores relacionados);;;;;;;;
;;Problemas comuns do sono;;;;;;;;;
;;;Bruxismo;3;Tem há mais de 10 anos;Tem há menos de 10 anos, grave;Tem há menos de 10 anos, leve;Já apresentou intenso, não apresenta atualmente;Já apresentou leve, não apresenta atualmente;Nunca apresentou;
;;;Pesadelos;3;Tem há mais de 10 anos;Tem há menos de 10 anos, grave;Tem há menos de 10 anos, leve;Já apresentou intenso, não apresenta atualmente;Já apresentou leve, não apresenta atualmente;Nunca apresentou;
;;;Roncos;3;Tem há mais de 10 anos;Tem há menos de 10 anos, grave;Tem há menos de 10 anos, leve;Já apresentou intenso, não apresenta atualmente;Já apresentou leve, não apresenta atualmente;Nunca apresentou;
;;;Apnéias;3;Tem há mais de 10 anos;Tem há menos de 10 anos, grave;Tem há menos de 10 anos, leve;Já apresentou intenso, não apresenta atualmente;Já apresentou leve, não apresenta atualmente;Nunca apresentou;
;;;Sudorese noturna;3;Tem há mais de 10 anos;Tem há menos de 10 anos, grave;Tem há menos de 10 anos, leve;Já apresentou intenso, não apresenta atualmente;Já apresentou leve, não apresenta atualmente;Nunca apresentou;
;;Histórico de uso de medicamentos/suplementos para dormir;;3;Precisa há mais de 10 anos;Precisa há menos de 10 anos, regularmente;Precisa há menos de 10 anos, esporadicamente;Já precisou regularmente,não precisa mais;Já precisou esporadicamente, não precisa mais;Nunca precisou;
;;Histórico familiar de sono;;;;;;;;;
;Atual;;;;;;;;;;
;;Escala de Pittsburgh (PSQI): _____ / 21;;30;>15 pts;11-15 pts;6-10 pts;;;<=5 pts;
;;Qualidade percebida do sono;;5;Passa o dia todo cansado, sonolento e sem energia;;Acorda bem mas energia acaba no meio do dia;"Acorda com cansaço de depois ""pega no tranco""";;Reparador, dia todo com energia;
;;Horários de dormir e despertar;;;;;;;;;
;;Despertares noturnos;;;;;;;;;
;;;Número;;;;;;;;
;;;Motivos;;;;;;;;
;;Equipamento do sono;;;;;;;;;
;;;Cama;2;Inadequado;;Parcialmente adequado;;;Adequado;
;;;Colchão;2;Inadequado;;Parcialmente adequado;;;Adequado;
;;;Travesseiros;2;Inadequado;;Parcialmente adequado;;;Adequado;
;;;Pijamas;2;Inadequado;;Parcialmente adequado;;;Adequado;
;;;Lençóis e cobertas;2;Inadequado;;Parcialmente adequado;;;Adequado;
;;Ambiente do sono;;;;;;;;;
;;;Quarto;2;Inadequado;;Parcialmente adequado;;;Adequado;
;;;Iluminação;2;Inadequado;;Parcialmente adequado;;;Adequado;
;;;Janelas / claridade;2;Inadequado;;Parcialmente adequado;;;Adequado;
;;;Televisão / telas;2;Inadequado;;Parcialmente adequado;;;Adequado;
;;;Barulho;2;Inadequado;;Parcialmente adequado;;;Adequado;
;;;Odores;2;Inadequado;;Parcialmente adequado;;;Adequado;
;;Higiene do sono;;;;;;;;;
;;;Estimulantes noturnos (ex: cafeína);5;Usa todas as noites;Usa todas as tardes;Usa 4-6x/semana;Usa 3-4x/semana;Usa 1-2x/semana;Não usa nunca;
;;;Dieta noturna;5;Falha no plano de forma exagerada com frequência;Falha no plano >=5x/semana de forma leve;Falhas no plano 3-4x/semana;Falhas no plano 1-2x/semana;;Segue plano adequadamente todas as noites;
;;;Tempo tela noturna (1h antes de dormir);5;Usa todas as noites;Usa todas as tardes;Usa 4-6x/semana;Usa 3-4x/semana;Usa 1-2x/semana;Não usa nunca;
;;;Campos eletromagnéticos;3;Fontes grandes <50m da cama;Fontes grandes 50-200m da cama (geradores, antenas de celular/rádio);Fontes pequenas 2-10m da cama, fora do quarto;Fontes pequenas >2m da cama, ainda no quarto;Fontes pequenas < 2m da cama;Sem fontes próximas a cama;
;;Uso atual de medicamentos/suplementos para dormir;;5;Uso abusivo de medicamentos;Uso regular de medicamentos sem prescrição;Uso regular de medicamentos prescritos;Uso esporádico de medicamentos prescritos;Suplementos prescritos;Sem necessidade;
;;Sintomas noturnos;;;;;;;;;
;;;Bruxismo;5;Mais de 10x/último mês;5-10x/último mês;1-5x/último mês e aumentando na última semana;1-5x/último mês e reduzindo na última semana;;Não teve no último mês;
;;;Pesadelos;5;Mais de 10x/último mês;5-10x/último mês;1-5x/último mês e aumentando na última semana;1-5x/último mês e reduzindo na última semana;;Não teve no último mês;
;;;Roncos;5;Mais de 10x/último mês;5-10x/último mês;1-5x/último mês e aumentando na última semana;1-5x/último mês e reduzindo na última semana;;Não teve no último mês;
;;;Apneias;5;Mais de 10x/último mês;5-10x/último mês;1-5x/último mês e aumentando na última semana;1-5x/último mês e reduzindo na última semana;;Não teve no último mês;
;;;Sudorese noturna;5;Mais de 10x/último mês;5-10x/último mês;1-5x/último mês e aumentando na última semana;1-5x/último mês e reduzindo na última semana;;Não teve no último mês;
;;Hábitos do cônjuge/parceiro de quarto;;3;Hábitos de sono muito ruins que prejudicam muito o sono do cliente;;Hábitos de sono pouco ruims que prejudicam pouco o sono do cliente;;;Higiene do sono adequada, ajuda o sono do paciente / Não se aplica;
Cognição;;;;;;;;;;;
;Histórico;;;;;;;;;;
;;Desenvolvimento neuropsicomotor na infância;;3;Comprometimento severo do desenvolvimento;;Comprometimento moderado do desenvolvimento;Comprometimento leve do desenvolvimento;;Nenhum problema relatado;
;;Desempenho escolar;;3;Graves problemas de aprendizado;;Comprometimento moderado do aprendizado;Comprometimento leve do aprendizado;;Nenhum problema relatado;
;;Capacidade da Memória ao longo da vida;;3;Sempre queixou-se de falta de memória;;Tinha memória ruim na infância e melhorou com o passar dos anos;"Sempre teve memória ""na média""";Já teve memória excelente mas piorou nos últimos anos;Sempre teve excelente memória;
;;Disposição/energia ao longo da vida;;3;Sempre queixou-se de falta de disposição;;Já teve muita disposição mas reduziu nos últimos anos;;Tinha pouca disposição na infância/adolescência mas melhorou na vida adulta;Sempre teve muita disposição;
;;Foco/concentração/aprendizado ao longo da vida;;3;Sempre teve dificuldade extrema em foco/concentração;Sempre teve leve dificuldade em foco/concentração;Tinha facilidade em foco/concentração mas piorou nos últimos anos;;Tinha dificuldade de foco/concentração na infância/adolescência mas melhorou na vida adulta;Sempre teve facilidade em foco/concentração;
;;Situações de Tristeza/depressão ao longo da vida;;;;;;;;;
;;Sintomas ligados ao TEA ou TDAH;;;;;;;;;
;;Socialização (infância/adolescência);;;;;;;;;
;;Épocas de melhor desempenho cognitivo;;;;;;;;;
;;Épocas de pior desempenho cognitivo;;;;;;;;;
;;Histórico de uso de medicamentos/suplementos para cognição (estimulantes, antidepressivos, foco, etc);;5;Uso frequente há mais de 10 anos;Uso frequente há menos de 10anos;Uso esporádico há menos de 10 anos;Já usou regularmente, hoje não precisa mais;Já usou esporadicamente, hoje não precisa mais;Nunca precisou usar;
;Atual;;;;;;;;;;
;;Capacidade da memória percebida;;10;Pior fase da vida;Hoje é 20% do meu auge;Hoje é 40% do meu auge;Hoje é 60% do meu auge;Hoje é 80% do meu auge;Estou no auge;
;;Testes rápidos de memória;;;;;;;;;
;;;5 palavras de Dubois - imediato: ____/5;5;<=3;;;4;;5;
;;;5 palavras de Dubois - tardio: ____/5;5;<=2;;3;;4;5;
;;;Span de dígitos - Direto:___/8;5;<=3;;4;;5;>=6;
;;;Span de dígitos - Inverso:___/7;5;<=1;;2;;3;>=4;
;;Disposição/energia;;;;;;;;;
;;;Disposição percebida (subjetiva);5;Zero disposição;Sinto baterias apenas 20% carregadas;Sinto baterias apenas 40% carregadas;Sinto baterias apenas 60% carregadas;Sinto baterias apenas 80% carregadas;Disposição no máximo;
;;;Escala de severidade de fadiga (FSS): _________;10;>=5;;4;;;<4;
;;;Escala de Sonolência de Epworth: ___/24;10;>=18;De 15 a 17;De 11 a 14;;;<=10;
;;Capacidade de foco/concentração/aprendizado;;10;Totalmente sem concentração;Com 20% do meu máximo;Com 40% do meu máximo;Com 60% do meu máximo;Com 80% do meu máximo;Concentração máxima;
;;Presença de sintomas de tristeza/depressão/ansiedade;;;;;;;;;
;;;Escala PHQ-9 (humor): ___/27;10;>=20;15 a 19;10 a 14;5 a 9;2 a 4;<=1;
;;;GAD-7 (ansiedade): ___/21;10;>=15;10 a 14;5 a 9;;2 a 4;<=1;
;;Mulheres: percepção de mudanças conforme época do ciclo menstrual ou proximidade menopausa;;;;;;;;;
;;Uso atual de psicotrópicos para cognição;;10;Usando exageradamente sem controle;Usando e precisando aumentar doses;;Usando de forma estável;Usando regularmente mas conseguindo reduzir uso;Não preciso;
Stress;;;;;;;;;;;
;Histórico;;;;;;;;;;
;;Principais estresses e traumas sofridos na infância, adolescência, vida adulta;;10;Graves traumas com transtorno de estresse pós traumático de difícil controle;;Traumas com sequelas controladas;Traumas com sequelas leves/pouco relevantes;;Nenhum trauma que tenha deixado sequelas relevantes;
;;Percepção de como o organismo reage aos períodos de stress (sintomas TGI, respiratório, pele, neuro, etc);;5;Graves reações somáticas ao estresse;;Reações somáticas moderadas ao estresse;Reações somáticas leves aos estresse;;Nenhuma reação somática percebida;
;;Principais formas de aliviar o stress / tratamentos contra stress já utilizados;;;;;;;;;
;Atual;;;;;;;;;;
;;Fontes de stress percebidas atualmente (trabalho, família, doenças, financeiro, etc);;10;Burnout completo;Estresse intenso com dificuldade no manejo, próximo de um colapso;Fontes de estresse com dificuldade no manejo repercutindo na performance/sintomas somáticos;Muitas fontes de estresse, porém bem manejado;Poucas fontes de estresse bem manejado;Nenhuma fonte de estresse danoso percebida;
;;Formas/ferramentas para alívio/manejo de estresse;;5;Não tem nenhuma ferramente para alívio/manejo;;Tem as ferramentas mas não faz uso adequadamente;;;Tem as ferramentas para alivio e faz uso adequadamente quando precisa;
;;Sintomas atuais que atribui ao stress;;10;Sintomas graves;;Sintomas moderados;;Sintomas leves e inespecíficos;Nenhum;
Vida Sexual;;;;;;;;;;;
;Histórico;;;;;;;;;;
;;Desenvolvimento sexual (pubarca, menarca, semenarca);;5;Desenvolvimento precoce sem tratamento;Desenvolvimento precoce com tratamento;Desenvolvimento tardio;;;Desenvolvimento adequado;
;;Histórico de abusos / traumas;;5;Graves traumas com transtorno de estresse pós traumático de difícil controle;;Traumas com sequelas controladas;Traumas com sequelas leves/pouco relevantes;;Nenhum trauma que tenha deixado sequelas relevantes;
;;Sumário da vida sexual;;;;;;;;;
;;Épocas de melhor libido/desempenho;;;;;;;;;
;;Épocas de pior libido/desempenho;;;;;;;;;
;;Histórico reprodutivo (número de filhos, dificuldade em engravidar, gestações, abortos, partos normais e cesáreas);;5;Várias tentativas de gestação (com suporte profissional) sem sucesso;Gestação após tratamentos invasivos, com perda fetal;Gestão após tratamentos invasivos, com sucesso;Gestações naturais, com perda fetal;;Gestações sem intercorrências / nunca tentou engravidar;
;;Histórico de uso de hormônios esteroides, inibidores de fosfodiesterase, outros medicamentos/suplementos;;5;História de uso de esteróides anabolizantes em doses supra-fisiológicas por 5+ anos;História de uso de esteróides anabolizantes em doses supra-fisiológicas por <5 anos;;Uso com prescrição médica adequada por mais de 5 anos;Uso com prescrição médica adequada por menos de 5 anos;Nega histórico de uso;
;Atual;;;;;;;;;;
;;Libido/desempenho sexual atual;;5;Totalmente sem libido/desempenho;;Libido moderado, desempenho ruim;Libido e desempenho moderados;Libido ok, mas desempenho moderado;Desempenho satisfatório, próximo ao auge;
;;Fatores percebidos que melhoram a parte sexual;;;;;;;;;
;;Fatores percebidos que pioram a parte sexual;;;;;;;;;
;;Ciclo menstrual (duração, volume, sintomas associados, uso anticoncepcional);;;;;;;;;
;;;Sem uso de anticoncepcional;5;Amenorréia;;Ciclo irregular ou volume intenso ou sintomas intensos;;Ciclo regular, mas volume excessivo ou sintomas intensos;Ciclo regular, volume dentro do normal da paciente, sintomas mínimos;
;;;Com uso de anticoncepcional;5;Amenorréia (se não for de uso contínuo);;Ciclo irregular ou volume intenso ou sintomas intensos;;Ciclo regular, mas volume excessivo ou sintomas intensos;Ciclo regular, volume dentro do normal da paciente, sintomas mínimos. Amenorréria sem sintomas se ACO contínuo;
;;;Pós menopausa;5;Sintomas intensos de menopausa;;Sintomas moderados;Sintomas leves;;Nenhum sintoma;
;;Uso recente de hormônios esteroides;;5;Uso de doses suprafisiológicas;;;;Uso comprescrição médica adequada;Não precisou utilizar no último mês;
;;Uso recente inibidores de fosfodiesterase;;5;Uso de inibidor mesmo com contra-indicação;;Uso esporádico de qualquer inibidor;;Uso contínuo de tadalafila;Não precisou utilizar no último mês;
;;Uso recente outros medicamentos/suplementos para libido/desempenho sexual;;5;Uso de substâncias sem comprovação efetiva;;;;Uso comprescrição médica adequada;Não precisou utilizar no último mês;
;;Escalas de desempenho:;;;;;;;;;
;;;ASEX (Arizona Sexual Experience Scale): ____/25;10;>18;3 items >=4 pts;1 item >= 5 pts;;;<=18, nenhum item >=5 pts;
;;;IIEF-5 (Índice Internacional de Função Erétil): ____/25;10;5 a 7;8 a 11;12 a 16;17 a 21;22 a 23;24 a 25;
;;;FSFI (Female Sexual Function Index): ____/36;10;<10;11 a 18;19 a 26.55;;;>=26.55;
Composição corporal;;;;;;;;;;;
;Histórico;;;;;;;;;;
;;Pré-natal (como estavam os pais na concepção e gestação);;3;Ambos com obesidade;Mãe obesidade, pai ok ou sobrepeso;Mãe ok ou sobrepeso, pai obesidade;Mãe sobrepeso, pai ok ou sobrepeso;Mãe ok, pai sobrepeso;Ambos com composição aparentemente adequada;
;;Nascimento (peso ao nascer, termo, complicações perinatais);;5;Pre-termo extremo ou a termo com complicações graves;Pré-termo com poucas complicações;Termo com poucas complicações, pequeno para idade;Termo com poucas complicações, grande para idade;Termo, peso adequado, poucas complicações;Termo, peso adequado, sem complicações;
;;Infância (evolução do peso/altura, histórico de composição corporal, estirões);;5;Obesidade grau III ou desnutrição grave;Obesidade grau II ou desnutrição moderada;Obesidade grau I ou desnutrição leve;Sobrepeso +5 anos na infância;Sobrepeso durante <5 anos;Composição corporal adequada;
;;Adolescência (evolução do peso/altura, histórico de composição corporal, estirões);;5;Obesidade grau III ou desnutrição grave;Obesidade grau II ou desnutrição moderada;Obesidade grau I ou desnutrição leve;Sobrepeso +5 anos na adolescência;Sobrepeso durante <5 anos;Composição corporal adequada;
;;Vida adulta (histórico de avaliações de composição corporal);;5;Obesidade grau III por mais de 5 anos ou desnutrição grave;Obesidade grau I ou II por mais de 5 anos ou desnutrião moderada/leve;Obesidade por menos de 5 anos (qualquer grau);Sobrepeso por mais de 5 anos;Sobrepeso por menos de 5 anos;Composição corporal adequada;
;;Períodos de picos de peso / gordura corporal;;;;;;;;;
;;Períodos de melhor composição corporal;;;;;;;;;
;;Tratamentos já utilizados para modificar composição corporal (dietas, medicamentos, hormônios, cirurgias, etc);;;;;;;;;
;;Histórico familiar de composição corporal (pais, irmãos, avós...);;3;5+ parentes próximos com obesidade;4+ parentes próximos com obesidade;3+ parentes próximos com obesidade;2+ parentes próximos com obesidade;1+ parentes próximos com obesidade;Nenhum parente próximo com obesidade;
;Atual;;;;;;;;;;
;;Composição corporal atual (DEXA, bioimpedância, análise de pregas, análise automática de fotografias, etc);;;;;;;;;
;;Tratamentos em uso para modificar composição corporal;;5;Medicamentos sem comprovação;Cirurgia gastroplastia;Medicamentos sem protocolo adequado;;Medicamentos com prescrição e protocolo completo adequado;Não utilizando nenhum;
;;Grau de satisfação com composição atual e objetivos do paciente (a serem modulados após análise completa);;;;;;;;;
;;Medidas objetivas;;;;;;;;;
;;;Peso (kg);;;;;;;;
;;;Altura (cm);;;;;;;;
;;;IMC (kg/m²);5;>=40;35-39,9;30-34,9;<18,5;25-29,9;18,5-24,9;
;;;Abdominal (cintura em cm) - homem;5;>102;94 a 102;;;90 a 93,9;<90;
;;;Abdominal (cintura em cm) - muher;5;>88;84 a 88;80 a 83,9;;;<80;
;;;Quadril (em cm);;;;;;;;
;;;Razão cintura/quadril - homem;5;>=1;0,9 a 0,99;;0,85 a 0,89;;<0,85;
;;;Razão cintura/quadril - mulher;5;>=0,9;0,84 a 0,89;;0,81 a 0,83;;<0,8;
;;;Razão cintura/altura (cm/cm);5;>0,66;0,6 a 0,65;0,56 a 0,59;<0,4;0,4 a 0,49;0,5 a 0,55;
;;;Pescoço - homem;5;>40;38,5 a 40;;37 a 38,4;;<37;
;;;Pescoço - mulher;5;>35,75;34,5 a 35,57;;32,5 a 34,4;;<32,5;
;;;Relação pescoço-altura (cm/m) - homem;5;>22,5;21 a 22,5;;19,5 a 20,9;;<19,5;
;;;Relação pescoço-altura (cm/m) - mulher;5;>21,5;20,5 a 21,5;;19 a 20,4;;<19;
;;;Panturrilha (cm) - homem;5;<32;;32 a 34,9;;35 a 37,9;>=38;
;;;Panturrilha (cm) - mulher;5;<30;;30 a 32,9;;33 a 35,9;>=36;
;;;Braço não dominante relaxado (cm) - homem;5;<25;;25 a 27,9;;28 a 31,9;>=32;
;;;Braço não dominante relaxado (cm) - mulher;5;<23;;23 a 25,9;;26 a 29,9;>=30;
;;;Braço direito contraído (cm);;;;;;;;
;;;Braço esquerdo contraído (cm);;;;;;;;
;;;Coxa (cm) - homem;5;<48;48 a 51,9;52 a 55,9;;56 a 60;>=60;
;;;Coxa (cm) - mulher;5;<48;48 a 53,9;54 a 59,9;;60 a 68;>=68;
;;;Massa muscular esquelética (kg);;;;;;;;
;;;MME / Peso (%);;;;;;;;
;;;MME / Peso (%);;;;;;;;
;;;Índice MME (kg/m²);;;;;;;;
;;;Massa apendicular (kg);;;;;;;;
;;;ASMI (kg/m²) - homem;5;<5,5;5,5 a 6,4;6,5 a 6,9;7 a 7,9;8 a 8,9;>=9;
;;;ASMI (kg/m²) - mulher;5;<4,5;4,5 a 4,9;5 a 5,4;5,5 a 5,7;5,8 a 6,4;>=6,5;
;;;Massa gorda total (kg);;;;;;;;
;;;% Gordura corporal - homem;5;>=30;25 a 29,9;22 a 24,5;18 a 21,9;12 a 17,9;<12;
;;;% Gordura corporal - mulher;5;>=40;35 a 39,9;30 a 34,9;25 a 29,9;20 a 24,9;<20;
;;;FMI - Fat Mass Index (kg/m²) - homem;5;>9;6,6 a 9;5,6 a 6,5;4,1 a 5,5;3 a 4;<3;
;;;FMI - Fat Mass Index (kg/m²) - mulher;5;>13;9,6 a 13;8,1 a 9,5;6,6 a 8;5 a 6,5;<5;
;;;Gordura visceral (cm²) - homem;5;>=160;130 a 159;100 a 129;70 a 99;50 a 69;<50;
;;;Gordura visceral (cm²) - mulher;5;>=150;120 a 149;100 a 119;60 a 99;40 a 59;<40;
;;;Razão androide/ginoide - homem;5;>1,25;1,11 a 1,25;1,01 a 1,1;0,95 a 1;0,85 a 0,94;<0,85;
;;;Razão androide/ginoide - mulher;5;>1,1;1 a 1,1;0,9 a 0,99;0,8 a 0,89;0,7 a 0,79;<0,7;
;;;Gordura de tronco (%);;;;;;;;
;;;Água corporal total (L);;;;;;;;
;;;Água corporal total (%) - homem;5;>65;<55;;;;55 a 65;
;;;Água corporal total (%) - mulher;5;>55;<45;;;;45 a 55;
;;;Água intracelular (L);;;;;;;;
;;;Água extracelular (L);;;;;;;;
;;;Razão AEC/ACT (%);5;>=42;40 a 41,9;39a 39,9;37,5 a 38,9;36 a 37,4;<36;
;;;Ângulo de fase (°) - homem;5;<4,5;4,5 a 4,9;5 a 5,4;5,5 a 5,9;6 a 6,9;>=7;
;;;Ângulo de fase (°) - mulher;5;<3,8;3,8 a 4,2;4,3 a 4,7;4,8 a 5,2;5,3 a 5,9;>=6;
;;;Taxa metabólica basal (kcal);;;;;;;;
Histórico de doenças;;;;;;;;;;;
;Doenças crônicas (Questionar ativamente as doenças crônicas mais comuns, perguntar sobre duração, grau de controle e tratamentos utilizados no passado e atualmente);;;;;;;;;;
;;Hipertensão arterial;;20;Tem há mais de 5 anos com controle inadequado;Tem há menos de 5 anos com controle inadequado;Tem há mais de 5 anos com controle adequado;Tem há menos de 5 anos com controle adequado;Não tem, mas histórico familiar forte;Não tem;
;;Diabetes mellitus;;20;Tem há mais de 5 anos com controle inadequado;Tem há menos de 5 anos com controle inadequado;Tem há mais de 5 anos com controle adequado;Tem há menos de 5 anos com controle adequado;Não tem, mas histórico familiar forte;Não tem;
;;;Pré-diabetes / resistência a insulina;20;Tem DM;Pré diabetes;Resistência alta;Resistência moderada;Resistência leve;Não tem;
;;;DM estabelecido;40;Mais de 3 lesões de órgãos-alvo;2 lesões de órgão alvo;1 lesão de órgão alvo;Mais de 5 anos, lesões de órgão alvo;Menos de 5 anos, sem lesões de órgão alvo;Não tem;
;;Obesidade;;;;;;;;;
;;Dislipidemia;;20;Tem há mais de 5 anos com controle inadequado;Tem há menos de 5 anos com controle inadequado;Tem há mais de 5 anos com controle adequado;Tem há menos de 5 anos com controle adequado;Não tem, mas histórico familiar forte;Não tem;
;;Câncer;;20;Tem doença ativa com prognóstico ruim;Tem doença ativa com prognóstico favorável;Já teve, mas em remissão;Já teve, mas completamente curado;Nunca teve, mas histórico familiar forte;Nunca teve;
;;Insuficiência cardíaca;;20;Tem IC descompensada;Tem IC grave;Tem IC moderada;Tem IC leve;Não tem, mas histórico familiar forte;Não tem;
;;Arritmia;;20;Implante de CID/ressincronizador;Implante MP;Tem arritmia moderada/grave;Já teve arritmia moderada/grave ou precisou precisou de infervenção eletrofisiológica;Já teve/tem arritmias benignas;Nunca teve;
;;Doença cardiovascular (IAM, revascularização, AVC, etc);;20;>=2 eventos graves;Pelo menos um evento grave;Mais de um evento leve sem sequela;Teve um evento leve sem sequelas;Não tem, mas histórico familiar forte;Nunca teve;
;;Doença renal crônica;;20;DRC-5;DRC-4;DRC-3;DRC-2;DRC-1;Não tem;
;;Outras doenças renais;;20;Tem doença moderada/grave ativa;Teve quadro moderado/grave, em remissão, com sequelas;Tem doença leve ativa;Teve quadro moderado/grave, em remissão, sem sequelas;Teve quadro leve sem sequelas;Nunca teve;
;;;Nefrite;5;Tem doença ativa de difícil controle;Tem, em remissão parcial;Já teve, hoje em remissão, com sequelas;Teve na vida adulta, sem sequelas;Teve na infância, sem sequelas;Nunca teve;
;;;Nefrótica;5;Tem doença ativa de difícil controle;Tem, em remissão parcial;Já teve, hoje em remissão, com sequelas;Teve na vida adulta, sem sequelas;Teve na infância, sem sequelas;Nunca teve;
;;;Litíase;5;Tem ou teve cálculos complicados com obstrução ou necessidade de cirurgia;Tem cálculos grandes >0.6cm ou muitos (5 ou mais);Tem cálculos pequenos e poucos (< 0.6cm, menos de 5);Já teve pequenos cálculos, sem sequela;Nunca teve, mas histórico familiar forte;Nunca teve;
;;;ITU;5;Pielonefrite/sepse nos últimos 2 anos;Pielonefrite/sepse há mais de 2 anos;4+ ITU no último ano;2+ ITU nos últimos 2 anos;Raramente tem cistite leve;Nunca teve;
;;Doenças virais crônicas;;;;;;;;;
;;;HIV;5;Positivo, sem tratamento ou doença resistente;Positivo, em tratamento com remissão;Diagnóstico recente;Possível infecção em janela;Não tem, mas exposto a risco aumentado;Não tem;
;;;Hepatite B;5;Positivo, sem tratamento ou doença resistente;Positivo, em tratamento com remissão;Diagnóstico recente;Possível infecção em janela;Não tem, mas exposto a risco aumentado;Não tem;
;;;Hepatite C;5;Positivo, sem tratamento ou doença resistente;Positivo, em tratamento com remissão;Diagnóstico recente;Possível infecção em janela;Não tem, mas exposto a risco aumentado;Não tem;
;;Doenças auto-imunes;;;;;;;;;
;;;LES;5;Doença moderada/grave sem tratamento;Doença moderada/grave com difícil controle;Doença moderada/grave controlada;Doença leve sem necessidade de imunossupressor;Não tem, mas histórico familiar forte;Não tem;
;;;Artrite reumatóide;5;Doença moderada/grave sem tratamento;Doença moderada/grave com difícil controle;Doença moderada/grave controlada;Doença leve sem necessidade de imunossupressor;Não tem, mas histórico familiar forte;Não tem;
;;;Esclerodermia;5;Doença moderada/grave sem tratamento;Doença moderada/grave com difícil controle;Doença moderada/grave controlada;Doença leve sem necessidade de imunossupressor;Não tem, mas histórico familiar forte;Não tem;
;;;Chron;5;Doença moderada/grave sem tratamento;Doença moderada/grave com difícil controle;Doença moderada/grave controlada;Doença leve sem necessidade de imunossupressor;Não tem, mas histórico familiar forte;Não tem;
;;;RCU;5;Doença moderada/grave sem tratamento;Doença moderada/grave com difícil controle;Doença moderada/grave controlada;Doença leve sem necessidade de imunossupressor;Não tem, mas histórico familiar forte;Não tem;
;;;Doença celíaca;5;Doença moderada/grave sem tratamento;Doença moderada/grave com difícil controle;Doença moderada/grave controlada;Doença leve sem necessidade de imunossupressor;Não tem, mas histórico familiar forte;Não tem;
;;;Asma;5;Doença moderada/grave sem tratamento;Doença moderada/grave com difícil controle;Doença moderada/grave controlada;Doença leve sem necessidade de imunossupressor;Não tem, mas histórico familiar forte;Não tem;
;;Alergias;;;;;;;;;
;;Questionar sobre qualquer outra doença crônica;;;;;;;;;
;Histórico de saúde (Questionar ativamente sobre doenças/sintomas - passado ou atual):;;;;;;;;;;
;;Doenças infecciosas;;;;;;;;;
;;;Tuberculose;5;Doença ativa grave;Doença ativa moderada/leve;Já teve doença grave, curada;Já teve doença moderada/leve, curada;;Nunca teve;
;;;Herpes simples;3;Tem frequentemente (6+ vezes no último ano);Tem frequentemente (2 a 6 vezes no último ano);Já teve, último episódio há mais de 1 ano e menos de 10 anos;Já teve, há mais de 10 anos não tem;;Nunca teve;
;;;Herpes zoster;5;Doença ativa grave;Doença ativa moderada/leve;Já teve quadro grave;Já teve quadro moderado;Já teve quadro leve;Nunca teve;
;;;Varicela;3;Doença ativa grave;Doença ativa moderada/leve;Já teve quadro grave;Já teve quadro moderado;Já teve quadro leve;Nunca teve;
;;;CMV;3;Doença ativa grave;Doença ativa moderada/leve;Já teve quadro grave;Já teve quadro moderado;Já teve quadro leve;Nunca teve;
;;;EBV;3;Doença ativa grave;Doença ativa moderada/leve;Já teve quadro grave;Já teve quadro moderado;Já teve quadro leve;Nunca teve;
;;;Dengue;5;Doença ativa grave;Doença ativa moderada/leve;Já teve quadro grave;Já teve quadro moderado;Já teve quadro leve;Nunca teve;
;;;Zika;3;Doença ativa grave;Doença ativa moderada/leve;Já teve quadro grave;Já teve quadro moderado;Já teve quadro leve;Nunca teve;
;;;Chicungunia;3;Doença ativa grave;Doença ativa moderada/leve;Já teve quadro grave;Já teve quadro moderado;Já teve quadro leve;Nunca teve;
;;;COVID;5;Doença ativa grave;Doença ativa moderada/leve;Já teve quadro grave;Já teve quadro moderado;Já teve quadro leve;Nunca teve;
;;;Sarampo;3;Doença ativa grave;Doença ativa moderada/leve;Já teve quadro grave;Já teve quadro moderado;Já teve quadro leve;Nunca teve;
;;;Outra doença infecciosa;3;Doença ativa grave;Doença ativa moderada/leve;Já teve quadro grave;Já teve quadro moderado;Já teve quadro leve;Nunca teve;
;;Doenças alérgicas;;;;;;;;;
;;;Rinite;3;Quadro ativo grave ultimos 6 meses;Quadro ativo moderado/leve últimos 6m;Já teve quadro grave, último há mais de 6 meses;Já teve quadro moderado/leve, último há mais de 6 meses;;Nunca teve;
;;;Sinusite;3;Quadro ativo grave ultimos 6 meses;Quadro ativo moderado/leve últimos 6m;Já teve quadro grave, último há mais de 6 meses;Já teve quadro moderado/leve, último há mais de 6 meses;;Nunca teve;
;;;Bronquite;3;Quadro ativo grave ultimos 6 meses;Quadro ativo moderado/leve últimos 6m;Já teve quadro grave, último há mais de 6 meses;Já teve quadro moderado/leve, último há mais de 6 meses;;Nunca teve;
;;;Urticária;3;Quadro ativo grave ultimos 6 meses;Quadro ativo moderado/leve últimos 6m;Já teve quadro grave, último há mais de 6 meses;Já teve quadro moderado/leve, último há mais de 6 meses;;Nunca teve;
;;;Outras doenças alérgicas;3;Quadro ativo grave ultimos 6 meses;Quadro ativo moderado/leve últimos 6m;Já teve quadro grave, último há mais de 6 meses;Já teve quadro moderado/leve, último há mais de 6 meses;;Nunca teve;
;;Segmento cefálico;;;;;;;;;
;;;Cefaléia;2;Quadro grave ativo;Teve quadro grave no último ano;Teve ou tem quadro leve no último ano;Teve quadro grave no passado, há anos não tem;Teve quadro leve no passado, há anos não tem;Não tem;
;;;Tontura;2;Quadro grave ativo;Teve quadro grave no último ano;Teve ou tem quadro leve no último ano;Teve quadro grave no passado, há anos não tem;Teve quadro leve no passado, há anos não tem;Não tem;
;;;Zumbidos;2;Quadro grave ativo;Teve quadro grave no último ano;Teve ou tem quadro leve no último ano;Teve quadro grave no passado, há anos não tem;Teve quadro leve no passado, há anos não tem;Não tem;
;;;Sintomas visuais;2;Quadro grave ativo;Teve quadro grave no último ano;Teve ou tem quadro leve no último ano;Teve quadro grave no passado, há anos não tem;Teve quadro leve no passado, há anos não tem;Não tem;
;;;Outros sintomas;2;Quadro grave ativo;Teve quadro grave no último ano;Teve ou tem quadro leve no último ano;Teve quadro grave no passado, há anos não tem;Teve quadro leve no passado, há anos não tem;Não tem;
;;Segmento torácico;;;;;;;;;
;;;Palpitação;2;Quadro ativo;Teve quadro grave no último ano;Teve quadro leve no último ano;Já teve quadro grave;Já teve no passado, sem repercussão;Não tem;
;;;Dispnéia;2;Quadro ativo;Teve quadro grave no último ano;Teve quadro leve no último ano;Já teve quadro grave;Já teve no passado, sem repercussão;Não tem;
;;;Dor torácica;2;Quadro ativo;Teve quadro grave no último ano;Teve quadro leve no último ano;Já teve quadro grave;Já teve no passado, sem repercussão;Não tem;
;;;Mamas;2;Cancer de mama;Nódulo suspeito;Mastite intensa;Nódulo de aspecto benigno;Mastite leve;Sem alteração;
;;;Outros sintomas;2;Quadro ativo;Teve quadro grave no último ano;Teve quadro leve no último ano;Já teve quadro grave;Já teve no passado, sem repercussão;Não tem;
;;Segmento abdominal;;;;;;;;;
;;;Azia;2;Quadro grave ativo;Quadro leve ativo;Teve quadro grave no último ano;Teve quadro leve no último ano;Já teve, no passado, há anos não tem;Não tem;
;;;Náuseas/vômitos;2;Quadro grave ativo;Quadro leve ativo;Teve quadro grave no último ano;Teve quadro leve no último ano;Já teve, no passado, há anos não tem;Não tem;
;;;Diarréia;2;Quadro grave ativo;Quadro leve ativo;Teve quadro grave no último ano;Teve quadro leve no último ano;Já teve, no passado, há anos não tem;Não tem;
;;;Obstipação;2;Quadro grave ativo;Quadro leve ativo;Teve quadro grave no último ano;Teve quadro leve no último ano;Já teve, no passado, há anos não tem;Não tem;
;;;Dores abdominais / cólicas;2;Quadro grave ativo;Quadro leve ativo;Teve quadro grave no último ano;Teve quadro leve no último ano;Já teve, no passado, há anos não tem;Não tem;
;;;Flatulência;2;Quadro grave ativo;Quadro leve ativo;Teve quadro grave no último ano;Teve quadro leve no último ano;Já teve, no passado, há anos não tem;Não tem;
;;;Eructação;2;Quadro grave ativo;Quadro leve ativo;Teve quadro grave no último ano;Teve quadro leve no último ano;Já teve, no passado, há anos não tem;Não tem;
;;;Hemorróidas;2;Quadro grave ativo;Quadro leve ativo;Teve quadro grave no último ano;Teve quadro leve no último ano;Já teve, no passado, há anos não tem;Não tem;
;;;Disúria;2;Quadro grave ativo;Quadro leve ativo;Teve quadro grave no último ano;Teve quadro leve no último ano;Já teve, no passado, há anos não tem;Não tem;
;;;Dor lombar;2;Quadro grave ativo;Quadro leve ativo;Teve quadro grave no último ano;Teve quadro leve no último ano;Já teve, no passado, há anos não tem;Não tem;
;;;Outros sintomas;2;Quadro grave ativo;Quadro leve ativo;Teve quadro grave no último ano;Teve quadro leve no último ano;Já teve, no passado, há anos não tem;Não tem;
;;Segmentos apendiculares;;;;;;;;;
;;;Cãimbras;2;Quadro grave ativo;Quadro leve ativo;Teve quadro grave no último ano;Teve quadro leve no último ano;Já teve, no passado, há anos não tem;Não tem;
;;;Claudicação;2;Quadro grave ativo;Quadro leve ativo;Teve quadro grave no último ano;Teve quadro leve no último ano;Já teve, no passado, há anos não tem;Não tem;
;;;Dores articulares;2;Quadro grave ativo;Quadro leve ativo;Teve quadro grave no último ano;Teve quadro leve no último ano;Já teve, no passado, há anos não tem;Não tem;
;;;Artrite;3;Quadro grave ativo;Quadro leve ativo;Teve quadro grave no último ano;Teve quadro leve no último ano;Já teve, no passado, há anos não tem;Não tem;
;;;Lesão muscular;3;Quadro grave ativo;Quadro leve ativo;Teve quadro grave no último ano;Teve quadro leve no último ano;Já teve, no passado, há anos não tem;Não tem;
;;;Lesão ligamentar/tendínea;3;Quadro grave ativo;Quadro leve ativo;Teve quadro grave no último ano;Teve quadro leve no último ano;Já teve, no passado, há anos não tem;Não tem;
;;;Fraturas;3;Tratando fratura cirúrgica;Tratando fratura com imobilização;Já teve fratura com necessidade de cirurgia;Já teve fratura com necessidade de imobilização;Já teve fratura leve sem ncessidade de tratamento;Não tem;
;;;Edema;3;Anasarca;Edema intenso ao longo do dia;Edema discreto persistende ao longo do dia;Edema em pernas ao final do dia;Edema esporadico em mãos e pés;Não tem;
;;;Outros sintomas;;;;;;;;
;;Pele e tegumento;;;;;;;;;
;;;Enfraquecimento capilar;2;Cabelo muito fino e quebradiço;;;Cabelo levemente fino/quebradiço;;Não tem;
;;;Queda capilar;3;Calvície grave;;Alopécia aerata;;;Não tem;
;;;Enfraquecimento ungueal;2;Unhas muito quebradiças;;;Unhas levemente quebradiças;;Não tem;
;;;Alterações em pelos (excesso / falta);2;Extensas áreas de perda de pelo;Hirsurtismo grave;Hirsustismo leve;Pequenas áreas de perda de pelos;;Não tem;
;;;Lesões cutâneas;2;Lesões graves ou extensas;;;Lesões leves;;Não tem;
;;;Outros sintomas;2;Graves;Moderados;Leves;;;Não tem;
;;Genitália masculina;;;;;;;;;
;;;Prepúcio / glande;2;Lesões ulceradas ou suspeitas;Fimose severa com inflamação;Fimose sem inflamação;Hipospádia;Hiperemia/prurido;Sem alterações;
;;;Desvios penianos;2;Complexo;Grave (>60%);Moderado (30-60%);;Leve (<30%);Sem alterações;
;;;Escroto / epidídimos;2;Massa suspeita;Inflamação/dor aguda;Hidrocele volumosa;Varicocele grau II ou epididimo espessado indolor;Varicocele grau I;Sem alterações;
;;;Testículos;2;Massa suspeita;Inflamação/dor aguda;Aumento de volume com consistencia normal;Ausência/atrofia uni ou bilateral;Redução de tamanho uni ou bilateral;Sem alterações;
;;Genitália feminina;;;;;;;;;
;;;Trofismo Urogenital;2;Fusão labial, estenose vaginal grave, ulcerações, exame especular impossível;Erosões, sangramento ao toque, estenose introital moderada, atrofia labial acentuada;Mucosa fina/friável, petéquias ao toque, atrofia labial evidente, estenose introital leve, dispareunia;Palidez evidente, rugosidades diminuídas, ressecamento leve, flacidez labial inicial;Mucosa levemente pálida, rugosidades discretamente reduzidas, leve diminuição do turgor labial;Mucosa rosada, úmida, elástica, rugosidades preservadas, lábios com turgor, introito pérvio;
;;;Suporte Pélvico;2;Prolapso estágio IV (procidência) OU múltiplas alterações graves OU fístula;Prolapso estágio III OU contração ausente OU corpo perineal <1 cm OU defeito esfincteriano;Prolapso II avançado (1-2 cm além) OU contração sem elevação OU corpo perineal 1-1,5 cm OU ≥2 alterações leves;Prolapso estágio II inicial (ao hímen) OU contração fraca com elevação mínima OU corpo perineal 1,5-2 cm;Prolapso estágio I OU contração moderada (3-5s) OU corpo perineal 2-3 cm;Sem prolapso, contração forte sustentada (>5s) com elevação, corpo perineal ≥3 cm;
;;;Vulva e Estruturas Externas;2;Lesão vegetante/ulcerada/infiltrada OU massa endurecida OU sangramento espontâneo OU clitoromegalia >2,5 cm;Placas brancas extensas OU erosões/úlceras OU abscesso Bartholin OU fimose clitoriana OU divertículo uretral;Placas brancas/liquenificação focal OU fissuras OU cisto Bartholin 2-4 cm OU clitoromegalia OU prolapso uretral parcial;Eritema/dermatite leve OU cisto Bartholin <2 cm assintomático OU hipertrofia labial menor sem queixa;Alteração pigmentar focal OU aderência prepucial leve OU carúncula uretral assintomática;Pele íntegra, coloração uniforme, clitóris sem aderências, Bartholin não palpável, meato tópico;
;;;Vagina e Colo Uterino;2;Lesão vegetante/ulcerada no colo OU sangramento espontâneo OU secreção necrótica OU massa exofítica;Secreção fétida intensa OU pólipo cervical OU friabilidade acentuada OU lesão acetobranca extensa;Secreção purulenta/amarelo-esverdeada OU cervicite com friabilidade OU sangramento ao toque;Secreção sugestiva de candidíase (grumosa) ou vaginose (acinzentada/odor) OU cervicite leve;Secreção levemente aumentada sem odor OU ectopia cervical pequena OU cistos de Naboth;Secreção fisiológica, colo rosado, epitélio liso, sem lesões;
;Cirurgias já realizadas;;;;;;;;;;
;;Registrar quaisquer cirurgias realizadas;;;;;;;;;
;;Cirurgias que interferem diretamente no escore;;;;;;;;;
;;;Amputação de membro;2;Sim;;;;;Não;
;;;Mastectomia;2;Sim;;;;;Não;
;;;Prostatectomia;2;Sim;;;;;Não;
;;;Tireoidectomia;2;Sim;;;;;Não;
;;;Histerectomia;2;Sim;;;;;Não;
;;;Ooforectomia;2;Sim;;;;;Não;
;;;Orquiectomia;2;Sim;;;;;Não;
;;;Nefrectomia;2;Sim;;;;;Não;
;;;Hepatectomia parcial;2;Sim;;;;;Não;
;;;Lobectomia/pneumectomia;2;Sim;;;;;Não;
;;;Craniotomia;2;Sim;;;;;Não;
;;;Cirurgia de epilepsia;2;Sim;;;;;Não;
;;;Derivação ventrículo-peritoneal;2;Sim;;;;;Não;
;;;Esplenectomia;2;Sim;;;;;Não;
;;;Herniorrafia;2;Sim;;;;;Não;
;;;Cistectomia;2;Sim;;;;;Não;
;;;Paratireoidectomia;2;Sim;;;;;Não;
;;;Adrenalectomia;2;Sim;;;;;Não;
;;;Pancreatectomia;2;Sim;;;;;Não;
;;;Cirurgia de descolamento de retina ou glaucoma;2;Sim;;;;;Não;
;Medicamentos;;;;;;;;;;
;;Histórico de medicamentos utilizados, reações adversas, respostas terapêuticas;;;;;;;;;
;;Uso atual de medicamentos;;;;;;;;;
;;;Analgésicos / Opioides / AINES / Relaxantes musculares;2;Sim;;;;;Não;
;;;Análogos de GLP-1 / Agonistas GIP / Obesidade;2;Sim;;;;;Não;
;;;Ansiolíticos / Benzodiazepínicos / Sedativos;2;Sim;;;;;Não;
;;;Antiarrítmicos;2;Sim;;;;;Não;
;;;Antibióticos de uso prolongado;2;Sim;;;;;Não;
;;;Anticoagulantes / Antiagregantes plaquetários;2;Sim;;;;;Não;
;;;Anticoncepcionais;2;Sim;;;;;Não;
;;;Anticonvulsivantes;2;Sim;;;;;Não;
;;;Antidepressivos (ISRS, ISRN, tricíclicos, IMAO);2;Sim;;;;;Não;
;;;Antidiabéticos orais;2;Sim;;;;;Não;
;;;Anti-hipertensivos (IECA, BRA, betabloqueadores, BCC, diuréticos);2;Sim;;;;;Não;
;;;Antiosteoporóticos (bifosfonatos, denosumab);2;Sim;;;;;Não;
;;;Antiparkinsonianos;2;Sim;;;;;Não;
;;;Antipsicóticos / Estabilizantes de humor;2;Sim;;;;;Não;
;;;Antivirais de uso contínuo (HIV, hepatite);2;Sim;;;;;Não;
;;;Broncodilatadores / Corticosteroides inalatórios;2;Sim;;;;;Não;
;;;Corticosteroides sistêmicos;2;Sim;;;;;Não;
;;;Digitálicos;2;Sim;;;;;Não;
;;;Disfunção erétil;2;Sim;;;;;Não;
;;;Estatinas / Hipolipemiantes;2;Sim;;;;;Não;
;;;Estimulantes (metilfenidato, anfetaminas);2;Sim;;;;;Não;
;;;Hormônios tireoidianos / Antitireoidianos;2;Sim;;;;;Não;
;;;HPB (alfa-bloqueadores, inibidores 5-alfa-redutase);2;Sim;;;;;Não;
;;;Imunobiológicos;2;Sim;;;;;Não;
;;;Imunossupressores;2;Sim;;;;;Não;
;;;Inibidores de bomba de prótons / antiácidos / prócinéticos;2;Sim;;;;;Não;
;;;Insulinas;2;Sim;;;;;Não;
;;;Laxativos crônicos / Antidiarreicos crônicos;2;Sim;;;;;Não;
;;;Quimioterápicos;2;Sim;;;;;Não;
;;;Terapia de reposição hormonal (estrogênio, testosterona);2;Sim;;;;;Não;
;;;Terapias hormonais oncológicas (tamoxifeno, inibidores de aromatase);2;Sim;;;;;Não;
;Hábitos e vícios nocivos (Questionar ativamente sobre uso passado ou atual):;;;;;;;;;;
;;Tabaco;;5;Fumante atual, ≥20 maços-ano;Fumante atual, <20 maços-ano;Ex-fumante há ≤10 anos;Ex-fumante há >10 anos, ≥10 maços-ano;Ex-fumante há >10 anos, <10 maços-ano;Nunca fumou;
;;Álcool;;5;Dependência ativa com complicações;Uso pesado diário (>4 doses/dia);Uso moderado-alto (2-4 doses/dia);Uso leve regular (até 1 dose/dia);Ex-etilista ou uso ocasional social;Abstêmio ou raramente;
;;Drogas ilícitas;;5;Dependência ativa / uso injetável;Uso frequente (semanal+) de múltiplas substâncias;Uso frequente de uma substância;Uso ocasional (mensal ou menos);Ex-usuário há >2 anos;Nunca usou;
;;Jogos / apostas;;5;Jogo patológico com prejuízo financeiro/social grave;Jogo frequente com perda de controle;Jogo regular com dificuldade de limites;Jogo ocasional sem prejuízo;Ex-apostador em recuperação;Nunca ou raramente;
;;Sexo;;5;Compulsão sexual com prejuízo funcional graveComportamento hipersexual frequente com impactoPadrão sexual de risco ou excessivoComportamento elevado sem prejuízoHistórico de compulsão, em controlePadrão saudável/sem queixas;;;;;;
;;Outros vícios;;;;;;;;;
;Saúde bucal;;;;;;;;;;
;;Histórico odontológico (principalmente amálgamas antigos com mercúrio);;;;;;;;;
;;;Perdas Dentárias;3;>10 dentes ausentes ou edêntulo;7-10 dentes ausentes;4-6 dentes ausentes;2-3 dentes ausentes;1 dente ausente;Dentição completa (exceto sisos);
;;;Histórico Periodontal;3;Periodontite grave tratada ou múltiplos abscessos;Periodontite moderada ou 1-2 abscessos;Periodontite leve ou gengivite recorrente;Gengivite tratada, sem recorrência;Episódio isolado de gengivite;Nunca teve doença periodontal;
;;;Tratamentos Invasivos;3;>5 canais + múltiplas extrações;3-5 canais ou >6 extrações;1-2 canais ou 4-6 extrações;Múltiplas restaurações, sem canal;1-3 extrações apenas (sisos);Apenas profilaxias/restaurações mínimas;
;;Situação odontológica atual;;;;;;;;;
;;;Sintomas Orais;4;Dor + sangramento + halitose frequentes;Sangramento frequente + outro sintoma;Sangramento ocasional ou dor recorrente;Sensibilidade ocasional isolada;Sintoma raro/mínimo;Assintomático;
;;;Função Mastigatória;4;Incapaz de mastigar sólidos, dieta pastosa;Evita múltiplos alimentos (duros, crus, fibrosos);Evita 1-2 tipos de alimentos;Mastiga com leve desconforto;Mastiga bem com adaptações mínimas;Mastiga todos os alimentos sem restrição;
;;;Higiene e Acompanhamento;4;Escovação irregular + nunca vai ao dentista;1x/dia, sem fio, consulta >2 anos;1-2x/dia, fio irregular, consulta 1-2 anos;2x/dia, fio ocasional, consulta anual;2x/dia + fio diário, consulta anual;3x/dia + fio diário + consulta semestral;
;Acompanhamento médico / multiprofissional;;;;;;;;;;
;;Com quais médicos e profissionais de saúde faz acompanhamento periódico?;;;;;;;;;
;;Verificar ativamente os mais comuns, e se acompanhamento está em dia (cardio, endócrino, GO, urologia);;;;;;;;;
Histórico Familiar de Doenças;;;;;;;;;;;
;Parentes próximos (pais, irmãos, tios, avós, filhos, netos);;;;;;;;;;
;;Perguntar ativamente sobre principais doenças crônicas;;;;;;;;;
;;;Hipertensão arterial;3;3+ parentes próximos;2 parentes próximos;1 parente próximo;;;Não tem / desconhece;
;;;Diabetes mellitus / pré-diabetes / resistência insulínica;3;3+ parentes próximos;2 parentes próximos;1 parente próximo;;;Não tem / desconhece;
;;;Obesidade;3;3+ parentes próximos;2 parentes próximos;1 parente próximo;;;Não tem / desconhece;
;;;Dislipidemia;3;3+ parentes próximos;2 parentes próximos;1 parente próximo;;;Não tem / desconhece;
;;;Câncer;3;3+ parentes próximos;2 parentes próximos;1 parente próximo;;;Não tem / desconhece;
;;;Doença cardiovascular (IAM, revascularização, arritmias, AVC);3;3+ parentes próximos;2 parentes próximos;1 parente próximo;;;Não tem / desconhece;
;;;Doença renal (DRC, nefrite, nefrótica, litíase, ITU repetição);3;3+ parentes próximos;2 parentes próximos;1 parente próximo;;;Não tem / desconhece;
;;;Doenças virais crônicas (HIV, hepatite B e C);3;3+ parentes próximos;2 parentes próximos;1 parente próximo;;;Não tem / desconhece;
;;;Doenças auto-imunes (LES, artrite reumatoide, esclerodermia, Chron, RCU, Asma);3;3+ parentes próximos;2 parentes próximos;1 parente próximo;;;Não tem / desconhece;
;;;Alergias;2;3+ parentes próximos;2 parentes próximos;1 parente próximo;;;Não tem / desconhece;
;;Perguntar sobre quaisquer outras doenças que possam ter correlação hereditária;;;;;;;;;
;Parentes mais distantes;;;;;;;;;;
;;Registrar se houver alguma doença familiar importante;;;;;;;;;
Social;;;;;;;;;;;
;Histórico;;;;;;;;;;
;;Condições de moradia;;;;;;;;;
;;Situação conjugal;;;;;;;;;
;;Situação familiar;;;;;;;;;
;;Situação de pets;;;;;;;;;
;;Religiosidade;;;;;;;;;
;;Situação financeira, renda ativa e passiva;;;;;;;;;
;;Profissões;;;;;;;;;
;;Laser / hobbies;;;;;;;;;
;Atual;;;;;;;;;;
;;Condições de moradia;;;;;;;;;
;;;Qualidade do Ar Interior;5;Mofo visível + fumante intradomiciliar + sem ventilação;Mofo ou fumante + ventilação ruim;Sem mofo, fumante externo, ventilação parcial;Ventilação adequada, sem mofo, ninguém fuma;Boa ventilação + ar-condicionado com manutenção;Ventilação cruzada + purificador/filtro HEPA + ambiente livre de fumo;
;;;Exposição Ambiental Externa;5;Beira de via de alto tráfego ou área industrial;Proximidade (<100m) de via movimentada;Rua movimentada, sem área verde próxima;Rua residencial, pouca área verde;Rua tranquila + praça/parque próximo;Condomínio arborizado ou proximidade de grande área verde;
;;;Ambiente Sonoro;5;Ruído intenso constante (impossibilita sono reparador);Ruído frequente noturno;Ruído ocasional que interfere no sono;Ruído diurno controlável, noite silenciosa;Ambiente silencioso, ruído raro;Silêncio consistente dia/noite;
;;;Qualidade da Água;5;Água de poço não testada ou sem filtração;Água da rede sem filtração;Filtro simples (vela);Filtro de carvão ativado;Filtro multiestágio ou osmose reversa;Água filtrada + testagem periódica de qualidade;
;;;Luminosidade Natural;5;Ambiente escuro, luz artificial constante;Pouca luz natural, <2h sol direto;Luz natural parcial em alguns cômodos;Boa luz natural nos ambientes principais;Luz natural abundante + controle de exposição;Luz natural otimizada + baixa exposição a luz azul noturna;
;;;Espaço para Movimento;5;Sem espaço para exercício, sedentarismo forçado;Espaço mínimo interno apenas;Área comum de condomínio disponível;Espaço interno adequado ou academia no prédio;Espaço interno + área externa própria;Home gym ou amplo espaço + área externa + proximidade de locais para atividade;
;;Situação conjugal;;;;;;;;;
;;Situação familiar;;5;Separação conflituosa recente ou luto conjugal recente;Relação com conflitos frequentes/graves ou relação abusiva;Relação instável ou solteiro isolado socialmente;Relação estável com dificuldades ou solteiro com rede social limitada;Relação estável em construção de parceria;Relação estável com parceria forte, ou solteiro com boa rede social;
;;Situação de pets;;5;Sem família ou rompimento total;Conflitos graves ativos ou contato raro ou sobrecarga de cuidado (burnout);Conflitos recorrentes ou suporte familiar fraco;Contato regular, tensões ocasionais, responsabilidades moderadas;Família próxima, conflitos raros, suporte consistente;Rede familiar sólida, relações harmoniosas, responsabilidades equilibradas;
;;Religiosidade;;5;Luto recente de pet ou animal com doença grave gerando sobrecarga;Pet com problemas comportamentais ou cuidado oneroso;;Pet com pouca interação;Deseja ter pets mas não pode;Pet saudável com vínculo positivo ou não deseja ter pets;
;;Situação financeira, renda ativa e passiva;;5;Endividamento grave ou renda insuficiente para necessidades básicas;Renda ativa apertada, sem reserva, estresse financeiro frequente;Renda ativa suficiente, reserva <6 meses, sem renda passiva;Renda ativa confortável, reserva 6-12 meses, renda passiva mínima;Renda ativa + passiva, reserva >12 meses, sem estresse financeiro;Independência financeira ou renda passiva cobre despesas, patrimônio sólido;
;;Profissões;;;;;;;;;
;;Laser;;5;Sem tempo ou energia para lazer, trabalho/obrigações consomem todo tempo;Lazer raro (<1x/mês), culpa ao descansar;Lazer ocasional (1-2x/mês), dificuldade em desconectar;Lazer regular (semanal) mas pouco variado;Lazer semanal variado, consegue desconectar;Lazer frequente, variado, prazeroso, equilibrado com rotina;
;;Hobbies;;5;Nenhum hobby ou interesse, apatia;Interesse vago mas não pratica nenhum hobby;Hobby esporádico, abandonado com frequência;Um hobby praticado com alguma regularidade;1-2 Hobbies regular(es), fonte de satisfação;2+ Hobbies ativos, engajamento consistente, estimulam criatividade/socialização/cognição;
Exames;;;;;;;;;;;
;Laboratoriais;;;;;;;;;;
;;25-hidroxivitamina D;ng/mL | ng/mL × 2,5 = nmol/L;20;<10;10–19;20–39;>100;40–59;60–100;
;;ACTH;pg/mL | pg/mL × 0,22 = pmol/L) | Coleta: manhã;10;<5;5–9;>60;46–60;10–25;26–45;
;;Ácido fólico eritrocitário;ng/mL | ng/mL × 2,27 = nmol/L;20;<140;140–399;400–499;>1000;500–699;700–1000;
;;Ácido fólico plasmático;ng/mL | ng/mL × 2,27 = nmol/L;20;<3;3–6,9;7–12,9;>30;13–14,9;15–30;
;;Ácido úrico - homem;mg/dL | mg/dL × 59,48 = μmol/L;20;≥7,0;6,0–6,9;5,5–5,9;<3,0;5,0–5,4;3,5–4,9;
;;Ácido úrico - mulher;mg/dL | mg/dL × 59,48 = μmol/L;20;≥6,0;5,5–5,9;5,0–5,4;<2,5;4,5–4,9;3,0–4,4;
;;Ácido Metilmalônico;nmol/L | nmol/L ÷ 1000 = μmol/L;20;≥400;300–399;260–299;200–259;150–199;<150;
;;Adiponectina - homem;μg/mL | μg/mL = mg/L;20;<4;4–5,9;6–7,9;>20;8–9,9;10–20;
;;Adiponectina - homem;μg/mL | μg/mL = mg/L;20;<7;7–9,9;10–12,9;>25;13–14,9;15–25;
;;Albumina;g/dL | g/dL × 10 = g/L;20;<2,5;2,5–3,4;;3,5–3,9;4,0–4,4;≥4,5;
;;Alfafetoproteína;ng/mL | ng/mL = μg/L = IU/mL × 1,21;20;≥400;20–399;;;10–19;<10;
;;Alumínio;μg/L | μg/L × 0,0371 = μmol/L;20;≥100;60–99;20–59;;6–19;<6;
;;Amilase;U/L | U/L = IU/L;20;≥330;111–329;<30;;30–39;40–110;
;;Anti-endomísio IgA (EMA-IgA);;20;Positivo (título ≥1:200);Positivo (título 1:5–1:100);Indeterminado;;;Negativo;
;;Anti-LA (SSB);U/mL;20;Positivo (título alto ≥100 U/mL);Positivo (título baixo 7–99 U/mL);;;;Negativo (<7 U/mL);
;;Anti-RO (SSA);U/mL;20;Positivo (título alto ≥50 U/mL);Positivo (título baixo 7–49 U/mL);;;;Negativo (<7 U/mL);
;;Anti-TPO;IU/mL | IU/mL = kIU/L = U/mL;20;≥500;100–499;35–99;9–34;2.1-9;<=2;
;;Anti-Tireoglobulina;IU/mL | IU/mL = kIU/L = U/mL;20;≥500;100–499;20–99;4.1–19;1-4.0;<1;
;;Anti-transglutaminase IgA;U/mL | U/mL = AU/mL = CU;20;≥100 (≥10× LSN);15–99;;;4–14;<4;
;;Anti-transglutaminase IgG;U/mL | U/mL = AU/mL = CU;20;≥100;10–99;;;4–9;<4;
;;Apolipoproteína A1 - homem;mg/dL | mg/dL ÷ 100 = g/L | mg/dL × 0,0357 = μmol/L;20;<100;100–119;;120–139;140–159;≥160;
;;Apolipoproteína A1 - mulher;mg/dL | mg/dL ÷ 100 = g/L | mg/dL × 0,0357 = μmol/L;20;<110;110–139;;140–159;160–179;≥180;
;;Apolipoproteína B;mg/dL | mg/dL ÷ 100 = g/L | mg/dL × 0,0239 = μmol/L;20;≥130;100–129;80–99;70–79;60–69;<60;
;;ApoB / ApoA1;;20;≥1,0;0,90–0,99;0,80–0,89;0,70–0,79;0,60–0,69;<0,60;
;;Arsênio total urina;μg/L;20;≥50;35 a 49;20 a 34;10 a 19;5 a 9;<5;
;;Arsênio fracionado urina (inorgânico + metabólitos);Se total >= 10, realizar fracionamento;20;≥25;15 a 24;8 a 14;4 a 7;2 a 3;<2;
;;Bilirrubinas totais;mg/dL | 1 mg/dL = 17.1 µmol/L | 1 µmol/L = 0.0585 mg/dL;20;>3.0;2.1 a 3.0;1.6 a 2.0 ou <0.2;1.3 a 1.5 ou 0.2;0.3 a 0.4 ou 1.1 a 1.2;0.5 a 1.0;
;;Bilirrubina direta;mg/dL | 1 mg/dL = 17.1 µmol/L | 1 µmol/L = 0.0585 mg/dL;20;>1.2;0.9 a 1.2;0.6 a 0.8;0.4 a 0.5;0.2 a 0.3;<0.2;
;;Bilirrubina indireta;mg/dL | 1 mg/dL = 17.1 µmol/L | 1 µmol/L = 0.0585 mg/dL;20;>3.5;2.6 a 3.5;1.6 a 2.5;1.1 a 1.5 ou <0.2;0.2 ou 0.8 a 1.0;0.3 a 0.7;
;;CA-125;U/mL | 1 U/mL = 1 kU/L;20;≥100;50 a 99;35 a 49;20 a 34;10 a 19;<10;
;;Cálcio iônico;mg/dL | 1 mg/dL = 0.25 mmol/L;20;<4.0;>6.0;4.0 a 4.4;5.6 a 6.0;4.5 a 4.7;4.8 a 5.5;
;;Cálcio total;mg/dL | 1 mg/dL = 0.25 mmol/L;20;<8.0;>11.0;8.0 a 8.6;10.4 a 11.0;8.7 a 9.0;9.1 a 10.3;
;;Calprotectina fecal;µg/g;20;> 500;250–500;100–250;50–100;25–50;< 25;
;;Capacidade de fixação de ferro - IST;%;20;< 16%;> 45%;16–20%;20–24%;35–45%;24–35%;
;;Cádmio urina 24h;µg/g creatinina;20;> 3,0;1,0–3,0;0,5–1,0;;0,2–0,5;< 0,2;
;;CEA;ng/mL | ng/mL = µg/L;20;>20;10,1 a 20;5 a 10;3,0 a 5,0;1,3 a 3,0;< 1,3;
;;Cistatina C;mg/L | mg/L = µg/mL;20;≥ 2,00;1,50–1,99;1,20–1,49;1,00–1,19;0,80–0,99;< 0,80;
;;Coenzima Q10;µg/mL | µg/mL = mg/L;20;< 0,50;0,50–0,79;0,80–1,19;1,20–1,99;2,00–2,99;≥ 3,00;
;;Chumbo;µg/dL | 1 µg/dL = 10 µg/L = 0.0483 µmol/L;20;≥40;25 a 39;10 a 24;5.0 a 9.9;1.0 a 4.9;<1.0;
;;Cobre;µg/dL | 1 µg/dL = 0.157 µmol/L;20;  <60;>160;60 a 80;80 a 100;131 a 160;100 a 130;
;;Complemento C3;mg/dL | 1 mg/dL = 0.01 g/L;20;<70;>140;70 a 90;125 a 140;90 a 105;105 a 125;
;;Complemento C4;mg/dL | 1 mg/dL = 0.01 g/L;20;<10;10 a 15;>45;;30 a 45;15 a 30;
;;Cortisol plasmático basal;µg/dL | 1 µg/dL = 27.59 nmol/L;20;<3;>23;3 a 10;;18 a 23;10 a 18;
;;Creatinina;mg/dL | 1 mg/dL = 88.4 µmol/L;20;>2.0;1.51 a 2.0;  <0.5;1.21 a 1.5;0.5 a 0.8;0.8 a 1.2;
;;Creatino fosfoquinase;U/L | 1 U/L = 0.01667 µkat/L;20;>1000;400 a 1000;  <30;30 a 80;180 a 400;80 a 180;
;;Cromo;µg/L | 1 µg/L = 19.23 nmol/L;20;>1.40;  <0.05;0.05 a 0.10;0.10 a 0.50;;0.50 a 1.40;
;;Curva de insulina e glicose após carga de 75 g de glicose (0, 30, 60, 90, 120 min);;;;;;;;;
;;GLICOSE 0 MIN (JEJUM);mg/dL | 1 mg/dL = 0.0555 mmol/L;20;≥126;100 a 125;<60;;85 a 99;60 a 84;
;;GLICOSE 30 MIN;mg/dL | 1 mg/dL = 0.0555 mmol/L;20;≥200;166 a 199;140 a 165;;120 a 139;<120;
;;GLICOSE 60 MIN;mg/dL | 1 mg/dL = 0.0555 mmol/L;20;≥209;180 a 208;155 a 179;140 a 154;120 a 139;<120;
;;GLICOSE 90 MIN;mg/dL | 1 mg/dL = 0.0555 mmol/L;20;≥200;160 a 199;;140 a 159;120 a 139;<120;
;;GLICOSE 120 MIN;mg/dL | 1 mg/dL = 0.0555 mmol/L;20;≥200;140 a 199;120 a 139;;100 a 119;<100;
;;INSULINA 0 MIN (JEJUM);µUI/mL | 1 µUI/mL = 6.945 pmol/L;20;≥30;18 a 29;10 a 17;<2;6 a 9;2 a 5;
;;INSULINA 30 MIN;µUI/mL | 1 µUI/mL = 6.945 pmol/L;20;≥200;130 a 199;<20;80 a 129;;20 a 79;
;;INSULINA 60 MIN;µUI/mL | 1 µUI/mL = 6.945 pmol/L;20;≥200;120 a 199;<15;80 a 119;;15 a 79;
;;INSULINA 90 MIN;µUI/mL | 1 µUI/mL = 6.945 pmol/L;20;≥150;100 a 149;;60 a 99;30 a 59;<30;
;;INSULINA 120 MIN;µUI/mL | 1 µUI/mL = 6.945 pmol/L;20;≥100;60 a 99;;45 a 59;30 a 44;<30;
;;HOMA-IR;Fórmula: (Glicemia jejum mg/dL × Insulina jejum µUI/mL) / 405;20;≥3.5;2.5 a 3.49;1.9 a 2.49;;1.0 a 1.89;<1.0;
;;MATSUDA INDEX;Fórmula: 10000 / √[(G₀×I₀)×(Gmean×Imean)];20;<2.5;2.5 a 3.99;;4.0 a 5.99;6.0 a 9.99;≥10.0;
;;QUICKI;Fórmula: 1/[log(I₀)+log(G₀)] | Fonte: ≤0.347=RI, >0.357=normal (95% saudáveis);20;<0.330;0.330 a 0.346;0.347 a 0.356;;0.357 a 0.389;≥0.390;
;;TYG INDEX;Fórmula: Ln[(TG mg/dL × Glicemia mg/dL)/2];20;≥9.0;8.75 a 8.99;;8.5 a 8.74;8.0 a 8.49;<8.0;
;;D-dímero;ng/mL FEU | 1 ng/mL = 1 µg/L | 500 ng/mL FEU = 250 ng/mL DDU;20;≥1000;500 a 999;220 a 499;;150 a 219;<150;
;;Desidrogenase lática;U/L | 1 U/L = 0.0167 µkat/L;20;<100;>315;100 a 140;250 a 315;200 a 250;140 a 200;
;;Dihidrotestosterona;ng/dL | 1 ng/dL = 0.0344 nmol/L = 10 pg/mL;20;<30;>85;30 a 40;75 a 85;40 a 50;50 a 75;
;;Eletroforese de proteínas;;;;;;;;;
;;Proteínas Totais;g/dL | 1 g/dL = 10 g/L;20;<6.0;>8.5;6.0 a 6.4;8.1 a 8.5;6.5 a 7.0;7.0 a 8.0;
;;Albumina;g/dL | 1 g/dL = 10 g/L;20;<3.0;3.0 a 3.4;3.5 a 3.9;>5.0;4.0 a 4.49;4.50 a 5.00;
;;Globulinas Totais;g/dL | 1 g/dL = 10 g/L;20;<1.9;>3.1;1.9 a 2.0;2.81 a 3.1;2.0 a 2.39;2.40 a 2.80;
;;Alfa-1 Globulina;g/dL | 1 g/dL = 100 mg/dL;20;<0.80;>2.50;0.80 a 1.00;;2.20 a 2.50;1.00 a 2.20;
;;Alfa-2 Globulina;g/dL | 1 g/dL = 10 g/L;20;>1.20;1.01 a 1.20;;0.81 a 1.00;;0.50 a 0.80;
;;Beta Globulina;g/dL | 1 g/dL = 10 g/L;20;<0.60;>1.30;0.60 a 0.69;;1.10 a 1.30;0.70 a 1.10;
;;Gama Globulina;g/dL | 1 g/dL = 10 g/L;20;<0.60;>2.50;0.60 a 0.69;1.61 a 2.50;0.70 a 1.20;1.20 a 1.60;
;;Estradiol - Homens;pg/mL | 1 pg/mL = 3.671 pmol/L;20;<10;10 a 19;20 a 40;41 a 50;51 a 60;>60;
;;Estradiol - Mulheres Fase Folicular Inicial (Dias 1-7);pg/mL | 1 pg/mL = 3.671 pmol/L;20;<20;20 a 29;30 a 60;61 a 80;81 a 100;>100;
;;Estradiol - Mulheres Fase Ovulatória (Pico Meio do Ciclo);pg/mL | 1 pg/mL = 3.671 pmol/L;20;<100;100 a 199;200 a 400;401 a 500;501 a 600;>600;
;;Estradiol - Mulheres Fase Lútea (Dias 19-21);pg/mL | 1 pg/mL = 3.671 pmol/L;20;<40;40 a 79;80 a 150;151 a 200;201 a 250;>250;
;;Estradiol - Mulheres Pós-Menopausa (Sem TRH);pg/mL | 1 pg/mL = 3.671 pmol/L;20;>60;40 a 60;25 a 39;10 a 24;5 a 9;<5;
;;Estradiol - Mulheres Pós-Menopausa (Com TRH);pg/mL | 1 pg/mL = 3.671 pmol/L;20;<30;30 a 59;60 a 150;151 a 200;201 a 250;>250;
;;FAN;Título (diluição);20;≥1:640;1:320;1:160;1:80;1:40;Negativo;
;;Ferritina - Homens;ng/mL | 1 ng/mL = 1 µg/L;20;>150;<15;15 a 29;30 a 44;80 a 150;45 a 79;
;;Ferritina - Mulheres Pré-Menopausa;ng/mL | 1 ng/mL = 1 µg/L;20;>150;<15;15 a 24;25 a 39;81 a 150;40 a 80;
;;Ferritina - Mulheres Pós-Menopausa;ng/mL | 1 ng/mL = 1 µg/L;20;>200;<15;15 a 29;30 a 44;81 a 200;45 a 80;
;;Ferro;µg/dL | 1 µg/dL = 0.179 µmol/L;20;<40;>150;40 a 74;131 a 150;75 a 84;85 a 130;
;;Fibrinogênio;mg/dL | 1 mg/dL = 0.01 g/L;20;<150;>450;150 a 174;351 a 450;281 a 350;175 a 280;
;;Fosfatase alcalina;U/L | 1 U/L = 0.0167 µkat/L;20;<40;≥199;40 a 55;120 a 199;82 a 120;55 a 82;
;;Fósforo;mg/dL | 1 mg/dL = 0.323 mmol/L;20;<1.5;>5.5;1.5 a 2.49;4.5 a 5.5;2.5 a 2.79;2.8 a 4.5;
;;FSH - Mulheres Pré-menopausa (Dia 3);mIU/mL | 1 mIU/mL = 1 IU/L;20;>15;10 a 15;9 a 10;6 a 9;;<6;
;;FSH - Mulheres Ovulação;mIU/mL | 1 mIU/mL = 1 IU/L;20;<5;>17;;5 a 8;;8 a 17;
;;FSH - Mulheres Fase Lútea;mIU/mL | 1 mIU/mL = 1 IU/L;20;>9;;;5 a 9;;1 a 5;
;;FSH - Mulheres Pós-menopausa;mIU/mL | 1 mIU/mL = 1 IU/L;20;<25;>100;;;25 a 40;40 a 100;
;;FSH - Homens;mIU/mL | 1 mIU/mL = 1 IU/L;20;<1.5;>12;;7 a 12;4 a 7;1.5 a 4;
;;Gama GT;U/L | 1 U/L = 1 IU/L = 0.0167 µkat/L;20;>100;51 a 100;31 a 50;18 a 30;<10;10 a 17;
;;Gasometria venosa;;;;;;;;;
;;pH Venoso;unidade | 1 unidade = 1 pH;20;<7.25;>7.50;7.25 a 7.29;7.45 a 7.50;7.30 a 7.34;7.35 a 7.44;
;;pCO2 Venoso;mmHg | 1 mmHg = 0.133 kPa;20;<30;>65;30 a 34;56 a 65;35 a 37;48 a 55;
;;pO2 Venoso;mmHg | 1 mmHg = 0.133 kPa;20;<25;25 a 29;;30 a 34;35 a 39;40 a 50;
;;HCO3 (Bicarbonato);mEq/L | 1 mEq/L = 1 mmol/L;20;<18;>32;18 a 21;28 a 32;22 a 23;24 a 27;
;;SatO2 Venosa;% | percentual;20;<60;60 a 64;65 a 69;85 a 90;>90;70 a 84;
;;Genotipagem HLA DQ2 e DQ8;;20;DQ2.5 homozigoto ou DQ2.5/DQ2.2;DQ2.5 + DQ8 ou DQ8 homozigoto;DQ2.5 heterozigoto;DQ8 heterozigoto;DQ2.2 isolado;Negativo/Negativo;
;;Gliadina Deaminada IgA (DGP-IgA);U/mL | 1 U/mL;20;>100;31 a 100;;15 a 30;;<15;
;;Hemoglobina glicada;% | 1% = 10.93 mmol/mol - 23.5;20;≥6.5;5.7 a 6.4;<4.0;5.3 a 5.6;4.0 a 4.7;4.8 a 5.2;
;;Hemograma completo;;;;;;;;;
;;Hemoglobina - Homens;g/dL | 1 g/dL = 10 g/L;20;>16.5;<10.0;10.0 a 13.0;13.0 a 14.0;15.0 a 16.5;14.0 a 15.0;
;;Hemoglobina - Mulheres;g/dL | 1 g/dL = 10 g/L;20;>15.5;<10.0;10.0 a 12.0;12.0 a 13.5;14.5 a 15.5;13.5 a 14.5;
;;Hematócrito - Homens;% | percentual;20;>51;<30;30 a 39;39 a 40;48 a 51;40 a 48;
;;Hematócrito - Mulheres;% | percentual;20;>47;<28;28 a 36;36 a 37;44 a 47;37 a 44;
;;Hemácias - Homens;M/µL | 1 M/µL = 10^12/L;20;>5.8;<3.8;3.8 a 4.4;4.4 a 4.6;5.4 a 5.8;4.6 a 5.4;
;;Hemácias - Mulheres;M/µL | 1 M/µL = 10^12/L;20;>5.4;<3.6;3.6 a 4.0;4.0 a 4.2;5.0 a 5.4;4.2 a 5.0;
;;VCM (MCV);fL | femtoliters;20;>100;<70;70 a 80;80 a 82;90 a 100;82 a 90;
;;HCM (MCH);pg | picogramas;20;>33.5;<24;24 a 27;27 a 28;32 a 33.5;28 a 32;
;;CHCM (MCHC);g/dL | 1 g/dL = 10 g/L;20;>37;<30;30 a 32.5;32.5 a 33;36 a 37;33 a 36;
;;RDW;% | coeficiente de variação;20;>14.5;<10.5;10.5 a 11.6;11.6 a 13.0;13.0 a 14.5;11.6 a 12.6;
;;Leucócitos Totais (WBC);k/µL | 1 k/µL = 10^9/L;20;>9.0;<2.5;2.5 a 3.8;3.8 a 5.0;7.0 a 9.0;5.0 a 7.0;
;;Neutrófilos (absoluto);k/µL | 1 k/µL = 10^9/L;20;>5.0;<1.5;1.5 a 2.0;2.0 a 2.5;4.0 a 5.0;2.5 a 4.0;
;;Linfócitos (absoluto);k/µL | 1 k/µL = 10^9/L;20;>2.8;<0.8;0.8 a 1.0;1.0 a 1.2;2.4 a 2.8;1.2 a 2.4;
;;Linfócitos (percentual);% | percentual;20;>50;<15;15 a 20;20 a 24;44 a 50;24 a 44;
;;Monócitos (absoluto);k/µL | 1 k/µL = 10^9/L;20;>0.65;<0.2;0.2 a 0.3;0.3 a 0.35;0.55 a 0.65;0.35 a 0.55;
;;Eosinófilos (absoluto);células/µL | 1 célula/µL;20;>200;<10;10 a 25;25 a 40;100 a 200;40 a 100;
;;Basófilos (absoluto);células/µL | 1 célula/µL;20;>100;<10;10 a 25;25 a 35;60 a 100;35 a 60;
;;Plaquetas;k/µL | 1 k/µL = 10^9/L;20;>350;<50;50 a 100;100 a 175;250 a 350;175 a 250;
;;Hepatite B - Anti-Hbs;mIU/mL | 1 mIU/mL;20;<5;5 a 10;;;10 a 100;>100;
;;Hepatite B - Anti-Hbc;Qualitativo | Reagente/Não-reagente;20;Reagente;;;;;Não-reagente;
;;Hepatite B - HbsAg;Qualitativo | Reagente/Não-reagente;20;Reagente;;;;;Não-reagente;
;;Hepatite C - Anti-HCV;Qualitativo | Reagente/Não-reagente;20;Reagente;;;;;Não-reagente;
;;HIV 1+2;Qualitativo | Reagente/Não-reagente;20;Reagente;;;;;Não-reagente;
;;Homocisteína;µmol/L | 1 µmol/L = 0.135 mg/L;20;>15;12 a 15;10 a 12;8 a 10;<6;6 a 8;
;;IGF-1 (Somatomedina C);;;;;;;;;
;;IGF-1 (20-30 anos);ng/mL | 1 ng/mL = 0.131 nmol/L;20;<60;60 a 99;>220;100 a 139;181 a 220;140 a 180;
;;IGF-1 (31-50 anos);ng/mL | 1 ng/mL = 0.131 nmol/L;20;<50;50 a 89;>190;90 a 119;161 a 190;120 a 160;
;;IGF-1 (51-70 anos);ng/mL | 1 ng/mL = 0.131 nmol/L;20;<40;40 a 79;>175;80 a 119;161 a 175;120 a 160;
;;IGF-1 (70+ anos);ng/mL | 1 ng/mL = 0.131 nmol/L;20;<30;30 a 69;>170;70 a 99;151 a 170;100 a 150;
;;Imunoglobulina A (IgA);mg/dL | 1 mg/dL = 0.01 g/L;20;<40;>400;40 a 99;301 a 400;100 a 200;201 a 300;
;;Imunoglobulina G (IgG);mg/dL | 1 mg/dL = 0.01 g/L;20;<400;>1600;400 a 699;1301 a 1600;700 a 1000;1001 a 1300;
;;Imunoglobulina M (IgM);mg/dL | 1 mg/dL = 0.01 g/L;20;<50;>300;50 a 79;;201 a 300;80 a 200;
;;Imunoglobulina E (IgE);IU/mL | 1 IU/mL = 1 kU/L = 2.4 ng/mL;20;>1000;201 a 1000;101 a 200;;31 a 100;0 a 30;
;;Interleucina-6 (IL-6);pg/mL | 1 pg/mL = 1 ng/L = 41.7 pmol/L;20;>10;5 a 10;3 a 5;2 a 3;1 a 2;<1;
;;JAK2 - pesquisa da variante genética c.1849G>T (p.V617F);% | percentual de alelos mutantes;20;≥50;30 a 49;10 a 29;;0.1 a 9.9;Negativo (<0.014);
;;Leptina - Homens;ng/mL | 1 ng/mL = 1000 pg/mL;20;<1.0;>10;6 a 10;4 a 6;1.0 a 1.2;1.2 a 4.0;
;;Leptina - Mulheres;ng/mL | 1 ng/mL = 1000 pg/mL;20;<3.0;>20;14 a 20;11 a 14;3.0 a 4.7;4.7 a 11.0;
;;Lipoproteína A;nmol/L | NÃO converter para mg/dL;20;>450;250 a 450;125 a 250;75 a 125;30 a 75;<30;
;;LDL oxidada;U/L | varia por ensaio;20;≥100;70 a 99;60 a 69;;48 a 59;<48;
;;LH - Homens;mIU/mL | 1 mIU/mL = 1 IU/L;20;>12.0;<0.5;0.5 a 1.4;1.5 a 3.0;7.1 a 12.0;3.1 a 7.0;
;;LH - Mulheres Fase Folicular;mIU/mL | 1 mIU/mL = 1 IU/L;20;>14.6;<0.5;0.5 a 2.0;2.1 a 4.0;8.1 a 14.6;4.1 a 8.0;
;;LH - Mulheres Ovulação;mIU/mL | 1 mIU/mL = 1 IU/L;20;>80;<6.0;6.0 a 14.0;14.1 a 25.0;50.1 a 80;25.0 a 50.0;
;;LH - Mulheres Fase Lútea;mIU/mL | 1 mIU/mL = 1 IU/L;20;>12.9;<0.3;0.3 a 1.5;1.6 a 4.0;8.1 a 12.9;4.1 a 8.0;
;;LH - Mulheres Pós-Menopausa;mIU/mL | 1 mIU/mL = 1 IU/L;20;>50;<8.0;8.0 a 14.0;14.1 a 25.0;40.1 a 50;25.1 a 40.0;
;;Magnésio RBC;mg/dL | 1 mg/dL = 0.41 mmol/L;20;<4.0;4.0 a 4.79;4.8 a 5.49;5.5 a 5.99;6.0 a 6.4;6.5 a 6.8;
;;Magnésio Sérico;mg/dL | 1 mg/dL = 0.41 mmol/L;20;<1.5;1.5 a 1.99;2.0 a 2.09;2.1 a 2.19;2.2 a 2.35;2.36 a 2.5;
;;Manganês;µg/L | 1 µg/L = 18.2 nmol/L;20;>20.0;<4.7;4.7 a 8.0;15.0 a 20.0;12.5 a 15.0;8.0 a 12.5;
;;Mercúrio;µg/L | 1 µg/L = 5 nmol/L;20;>20;10 a 20;5 a 10;2 a 5;;<2;
;;Microalbuminúria/creatininúria – urina amostra isolada;mg/g | 1 mg/g = 0.113 mg/mmol;20;≥300;100 a 299;30 a 99;15 a 29;10 a 14;<10;
;;NT-proBNP (<50 anos);pg/mL | 1 pg/mL = 0.118 pmol/L;20;>1800;450 a 1800;300 a 449;125 a 299;50 a 124;<50;
;;NT-proBNP (50-75 anos);pg/mL | 1 pg/mL = 0.118 pmol/L;20;>2000;900 a 2000;450 a 899;250 a 449;75 a 249;<75;
;;NT-proBNP (>75 anos);pg/mL | 1 pg/mL = 0.118 pmol/L;20;>4000;1800 a 4000;900 a 1799;500 a 899;125 a 499;<125;
;;PCR ultrassensível;mg/L | 1 mg/L = 0.1 mg/dL;20;≥10.0;3.0 a 9.99;2.0 a 2.99;1.0 a 1.99;0.5 a 0.99;<0.5;
;;Perfil lipídico / Lipidograma;;;;;;;;;
;;Colesterol Total;mg/dL | 1 mg/dL = 0.02586 mmol/L;20;<120;≥280;120 a 159;250 a 279;160 a 199;200 a 249;
;;HDL Colesterol;mg/dL | 1 mg/dL = 0.02586 mmol/L;20;<30;≥90;30 a 39;80 a 89;40 a 49;50 a 79;
;;LDL Colesterol;mg/dL | 1 mg/dL = 0.02586 mmol/L;20;≥190;160 a 189;130 a 159;100 a 129;70 a 99;<70;
;;VLDL Colesterol;mg/dL | 1 mg/dL = 0.02586 mmol/L;20;≥40;;30 a 39;;20 a 29;<20;
;;Triglicerídeos;mg/dL | 1 mg/dL = 0.01129 mmol/L;20;≥500;200 a 499;150 a 199;100 a 149;70 a 99;<70;
;;Relação Colesterol Total/HDL;ratio | razão;20;>5.0;4.0 a 5.0;;3.5 a 4.0;3.0 a 3.5;<3.0;
;;Relação Triglicerídeos/HDL;ratio | razão;20;>3.0;2.0 a 3.0;1.5 a 2.0;;1.0 a 1.5;<1.0;
;;Colesterol não-HDL;mg/dL | 1 mg/dL = 0.02586 mmol/L;20;≥220;190 a 219;160 a 189;130 a 159;100 a 129;<100;
;;Potássio;mEq/L | 1 mEq/L = 1 mmol/L;20;<2.5;>6.0;2.5 a 3.4;5.1 a 6.0;3.5 a 3.9;4.0 a 4.9;
;;Progesterona - Mulheres Fase Folicular;ng/mL | 1 ng/mL = 3.18 nmol/L;20;>2.0;;<0.1;1.0 a 2.0;;0.1 a 0.7;
;;Progesterona - Mulheres Fase Lútea;ng/mL | 1 ng/mL = 3.18 nmol/L;20;<3.0;>30.0;;;3.0 a 5.0;25.0 a 30.0;
;;Progesterona - Mulheres Gestação 1º Trimestre;ng/mL | 1 ng/mL = 3.18 nmol/L;20;<5.0;5.0 a 10.0;;;10.0 a 15.0;15.0 a 60.0;
;;Progesterona - Mulheres Gestação 2º Trimestre;ng/mL | 1 ng/mL = 3.18 nmol/L;20;<17.0;;17.0 a 25.0;;;25.0 a 146.0;
;;Progesterona - Mulheres Gestação 3º Trimestre;ng/mL | 1 ng/mL = 3.18 nmol/L;20;<55.0;;55.0 a 80.0;;;80.0 a 250.0;
;;Progesterona - Mulheres Pós-Menopausa;ng/mL | 1 ng/mL = 3.18 nmol/L;20;>1.3;0.5 a 1.3;;;0.2 a 0.5;<0.2;
;;Progesterona - Homens;ng/mL | 1 ng/mL = 3.18 nmol/L;20;>1.6;1.0 a 1.6;;;0.5 a 1.0;<0.5;
;;Prolactina - Mulheres;ng/mL | 1 ng/mL = 21.2 mIU/L = 1 µg/L;20;<3.0;>200;100 a 200;30 a 100;10 a 30;3.0 a 10;
;;Prolactina - Homens;ng/mL | 1 ng/mL = 21.2 mIU/L = 1 µg/L;20;<2.0;>200;100 a 200;20 a 100;10 a 20;2.0 a 10;
;;PSA Total;ng/mL | 1 ng/mL = 1 µg/L;20;>10.0;4.0 a 10.0;2.5 a 4.0;;1.0 a 2.5;<1.0;
;;PSA Livre/Total (%Free PSA);% | percentual;20;<10;>25;;10 a 15;;15 a 25;
;;PTH;pg/mL | 1 pg/mL = 0.106 pmol/L;20;<10;>65;49.6 a 65;40 a 49.5;32.1 a 39.9;10 a 32;
;;Reticulócitos;% | percentual de hemácias;20;<0.5;>5.0;0.5 a 0.9;2.6 a 5.0;1.6 a 2.5;1.0 a 1.5;
;;Rotina de urina;;;;;;;;;
;;Cor da Urina;Descritivo | Coloração;2;Vermelho-escuro/Marrom/Preto;Laranja-escuro;Laranja/Âmbar-escuro;Âmbar;Amarelo-claro;Amarelo-palha/Incolor;
;;Aspecto da Urina (Turbidez);Descritivo | Claridade;2;Turvo intenso/Purulento;Turvo;Levemente turvo;Ligeiramente turvo;Translúcido;Límpido/Cristalino;
;;Densidade Urinária (USG);specific gravity | 1.000 = água pura;2;<1.003;>1.030;1.003 a 1.009;1.026 a 1.030;1.021 a 1.025;1.010 a 1.020;
;;pH Urinário;unidade | 1 unidade = 1 pH;2;<5.0;>8.0;5.0 a 5.5;7.6 a 8.0;5.5 a 5.9;6.0 a 7.5;
;;Proteínas (Qualitativo);mg/dL | trace/1+/2+/3+/4+;2;≥300 (3+ a 4+);100 a 299 (2+);30 a 99 (1+);10 a 29 (Traços);;Negativo (<10);
;;Glicose Urinária;mg/dL | 1 mg/dL;2;≥1000 (4+);500 a 999 (3+);250 a 499 (2+);100 a 249 (1+);15 a 99;Negativo (<15);
;;Corpos Cetônicos;mg/dL | acetoacetato;2;≥80 (4+);40 a 79 (3+);15 a 39 (2+);5 a 14 (1+);Traços (<5);Negativo;
;;Bilirrubina;Qualitativo | small/moderate/large;2;Large (3+);Moderate (2+);Small (1+);Traços;;Negativo;
;;Urobilinogênio;mg/dL | unidades Ehrlich;2;<0.1 (Ausente);>4.0 (4+);2.1 a 4.0 (2+ a 3+);1.1 a 2.0 (1+);0.1 a 0.5;0.6 a 1.0;
;;Sangue Oculto (Hemoglobina);Qualitativo | RBC lysis;2;Large (3+);Moderate (2+);Small (1+);Traços;;Negativo;
;;Nitrito;Qualitativo | Reagente/Não-reagente;2;Positivo (Forte);Positivo (Moderado);Positivo (Fraco);Traços;;Negativo;
;;Leucócito Esterase;Leu/µL | leucócitos lisados;2;≥500 (3+);250 a 499 (2+);100 a 249 (1+);25 a 99 (Traços);;Negativo (<25);
;;Hemácias (RBC) - Sedimento;células/campo | por HPF (400x);10;>100;51 a 100;21 a 50;6 a 20;3 a 5;0 a 2;
;;Leucócitos (WBC) - Sedimento;células/campo | por HPF (400x);10;>100;51 a 100;21 a 50;6 a 20;3 a 5;0 a 2;
;;Células Epiteliais - Sedimento;células/campo | por HPF (400x);2;>50 (Contaminação);26 a 50;16 a 25;6 a 15;3 a 5;0 a 2;
;;Cilindros Hialinos;cilindros/campo | por LPF (100x);2;>10;6 a 10;3 a 5;1 a 2;Raros (0-1);Ausentes;
;;Cilindros Patológicos;cilindros/campo | granulosos/hemáticos/leucocitários;2;Abundantes (>10/LPF);Muitos (6-10/LPF);Moderados (3-5/LPF);;Raros (1-2/LPF);Ausentes;
;;Cristais Patológicos;Descritivo | tipo e quantidade;2;Abundantes (cistina/leucina/tirosina);Muitos (ác. úrico/oxalato);Moderados (oxalato/úrico);;Raros (fosfato/urato);Ausentes;
;;Bactérias - Sedimento;Descritivo | quantidade;2;Abundantes (4+);Muitas (3+);Moderadas (2+);;Raras (1+);Ausentes;
;;Leveduras - Sedimento;Descritivo | quantidade;2;Abundantes (4+);Muitas (3+);Moderadas (2+);;Raras (1+);Ausentes;
;;Muco - Sedimento;Descritivo | quantidade;2;Abundante (4+);Muito (3+);Moderado (2+);;Raro (1+);Ausente;
;;Selênio;µg/L | 1 µg/L = 0.1 µg/dL = 0.01267 nmol/L;20;<40;≥150;40 a 69;131 a 149;70 a 99;100 a 130;
;;SHBG - Homens;nmol/L | 1 nmol/L;20;<12.3;>66;12.3 a 23.4;46.7 a 66;23.5 a 39.9;40 a 46;
;;SHBG - Mulheres;nmol/L | 1 nmol/L;20;<14.5;>120;14.5 a 32.5;90 a 120;32.6 a 49.9;50 a 80;
;;Sódio;mEq/L | 1 mEq/L = 1 mmol/L;20;<125;≥150;125 a 134;143 a 149;135 a 136;137 a 142;
;;DHEA-S - Homens (20-29 anos);µg/dL | 1 µg/dL = 0.027 µmol/L;20;<120;>640;120 a 239;521 a 640;240 a 399;400 a 520;
;;DHEA-S - Homens (30-39 anos);µg/dL | 1 µg/dL = 0.027 µmol/L;20;<80;>520;80 a 179;421 a 520;180 a 279;280 a 420;
;;DHEA-S - Homens (40-49 anos);µg/dL | 1 µg/dL = 0.027 µmol/L;20;<60;>530;60 a 149;431 a 530;150 a 249;250 a 430;
;;DHEA-S - Homens (50-59 anos);µg/dL | 1 µg/dL = 0.027 µmol/L;20;<50;>310;50 a 109;251 a 310;110 a 169;170 a 250;
;;DHEA-S - Homens (60-69 anos);µg/dL | 1 µg/dL = 0.027 µmol/L;20;<30;>290;30 a 69;231 a 290;70 a 139;140 a 230;
;;DHEA-S - Homens (70+ anos);µg/dL | 1 µg/dL = 0.027 µmol/L;20;<20;>175;20 a 49;141 a 175;50 a 89;90 a 140;
;;DHEA-S - Mulheres (20-29 anos);µg/dL | 1 µg/dL = 0.027 µmol/L;20;<50;>380;50 a 99;301 a 380;100 a 189;190 a 300;
;;DHEA-S - Mulheres (30-39 anos);µg/dL | 1 µg/dL = 0.027 µmol/L;20;<35;>270;35 a 79;211 a 270;80 a 139;140 a 210;
;;DHEA-S - Mulheres (40-49 anos);µg/dL | 1 µg/dL = 0.027 µmol/L;20;<25;>240;25 a 59;191 a 240;60 a 119;120 a 190;
;;DHEA-S - Mulheres (50-59 anos);µg/dL | 1 µg/dL = 0.027 µmol/L;20;<20;>200;20 a 49;161 a 200;50 a 99;100 a 160;
;;DHEA-S - Mulheres (60-69 anos);µg/dL | 1 µg/dL = 0.027 µmol/L;20;<10;>130;10 a 29;101 a 130;30 a 59;60 a 100;
;;DHEA-S - Mulheres (70+ anos);µg/dL | 1 µg/dL = 0.027 µmol/L;20;<8;>90;8 a 19;71 a 90;20 a 39;40 a 70;
;;TSH;mIU/L | 1 mIU/L = 1 µIU/mL;20;>10.0;<0.1;4.6 a 10.0;2.6 a 4.5;2.0 a 2.5;0.45 a 2.0;
;;T3 Livre;pg/mL | 1 pg/mL = 1.54 pmol/L;20;<2.0;>4.4;2.0 a 2.4;3.5 a 4.4;2.5 a 2.9;3.0 a 3.5;
;;T4 Livre;ng/dL | 1 ng/dL = 12.87 pmol/L;20;<0.7;>1.8;0.7 a 0.81;1.51 a 1.8;0.82 a 0.99;1.0 a 1.5;
;;T3 Reverso;ng/dL | 1 ng/dL = 0.0154 nmol/L;20;>25.0;<8.0;20.1 a 25.0;8.0 a 9.9;15.1 a 20.0;10.0 a 15.0;
;;Relação T3 Livre:T3 Reverso;ratio | FT3 (pg/mL) ÷ rT3 (ng/dL);20;<6.0;>30;6.0 a 9.9;20.1 a 30;10.0 a 14.9;15.0 a 20.0;
;;Tempo de Protrombina (INR);ratio | razão normalizada internacional;20;<0.8;>3.0;2.6 a 3.0;1.6 a 2.5;1.3 a 1.5;0.8 a 1.2;
;;Testosterona Total - Homens;ng/dL | 1 ng/dL = 0.0347 nmol/L;20;<200;200 a 299;300 a 549;900 a 1200;550 a 650;651 a 900;
;;Testosterona Total - Mulheres Pré-Menopausa;ng/dL | 1 ng/dL = 0.0347 nmol/L;20;<5;>70;5 a 9;50 a 70;10 a 24;25 a 50;
;;Testosterona Total - Mulheres Pós-Menopausa;ng/dL | 1 ng/dL = 0.0347 nmol/L;20;<5;>40;5 a 9;35 a 40;10 a 14;15 a 35;
;;Testosterona Livre - Homens;pg/mL | 1 pg/mL = 3.47 pmol/L;20;<46;>224;46 a 64;65 a 99;100 a 149;150 a 224;
;;Testosterona Livre - Mulheres Pré-Menopausa;pg/mL | 1 pg/mL = 3.47 pmol/L;20;<0.5;>6.4;0.5 a 1.0;4.7 a 6.4;1.1 a 3.2;3.3 a 4.6;
;;Testosterona Livre - Mulheres Pós-Menopausa;pg/mL | 1 pg/mL = 3.47 pmol/L;20;<0.3;>5.0;0.3 a 0.6;4.0 a 5.0;0.7 a 2.0;2.1 a 4.0;
;;TRAb (Anticorpos Anti-Receptor de TSH);IU/L | 1 IU/L = 1 U/L;20;>20.0;10.0 a 20.0;3.0 a 9.99;1.76 a 2.99;1.0 a 1.75;<1.0;
;;Transaminase oxalacética (AST);U/L | 1 U/L = 0.0167 µkat/L;20;>120;60 a 120;41 a 59;;26 a 40;<26;
;;Transaminase pirúvica (ALT);U/L | 1 U/L = 0.0167 µkat/L;20;>120;60 a 120;41 a 59;;26 a 40;<26;
;;Troponina I Ultrassensível - Homens;ng/L | 1 ng/L = 0.001 ng/mL;20;>100;50 a 100;20 a 49;10 a 19;3 a 9;<3;
;;Troponina I Ultrassensível - Mulheres;ng/L | 1 ng/L = 0.001 ng/mL;20;>60;30 a 60;15 a 29;8 a 14;2 a 7;<2;
;;Ureia;mg/dL | 1 mg/dL = 0.357 mmol/L (ureia) | BUN = Ureia ÷ 2.14;20;>80;<13;52 a 80;13 a 21;35 a 51;22 a 34;
;;Urocultura com contagem de colônias e antibiograma automatizado;UFC;20;>=10^7;10^5 a 10^6;10 a 10^4;;;Negativa;
;;VDRL;;20;Reagente;;;;;Não reagente;
;;VHS (ESR);mm/hr | Velocidade sedimentação eritrócitos;20;>100;50 a 100;30 a 50;20 a 30;10 a 20;<10;
;;Vitamina A – dosagem;µg/dL | 1 µg/dL = 0.0349 µmol/L;20;<10;>85;10 a 20;66 a 85;20 a 57;57 a 66;
;;Vitamina B1 por HPLC em sangue total;nmol/L | 1 nmol/L = 0.425 µg/L;20;<40;>250;40 a 70;181 a 250;71 a 120;121 a 180;
;;Vitamina B2 por HPLC em sangue total;nmol/L | 1 nmol/L = 0.376 µg/L;20;<80;>500;80 a 160;351 a 500;161 a 220;221 a 350;
;;Piridoxal-5-fosfato (PLP) por HPLC em sangue total;nmol/L | 1 nmol/L = 0.247 ng/mL;20;<20;>500;20 a 60;301 a 500;61 a 90;91 a 300;
;;Vitamina B12 (Cobalamina);pg/mL | 1 pg/mL = 0.738 pmol/L;20;<150;>2000;150 a 299;1101 a 2000;300 a 599;600 a 1100;
;;Vitamina C (Ácido Ascórbico);mg/dL | 1 mg/dL = 56.78 µmol/L;20;<0.20;>4.00;0.20 a 0.59;2.71 a 4.00;0.60 a 1.29;1.30 a 2.70;
;;Vitamina E (Alfa-Tocoferol);mg/L | 1 mg/L = 2.32 µmol/L;20;>30.0;<5.0;20.0 a 30.0;5.0 a 5.8;5.9 a 11.0;11.1 a 19.4;
;;Zinco;µg/dL | 1 µg/dL = 0.153 µmol/L;20;<50;>200;50 a 74;131 a 200;75 a 98;99 a 130;
;Imagem;;;;;;;;;;
;;40901122 - USG abdome total;;;;;;;;;
;;USG Abdome - Esteatose Hepática;Grau | 0-III;20;III (>66%);II (34-66%);;I (5-33%);;0 (Normal);
;;40901750 - USG próstata (via abdominal);;;;;;;;;
;;USG Próstata - Volume Prostático;cm³ | centímetros cúbicos;20;>80;50 a 80;;30 a 49;;<30;
;;USG Próstata - Densidade PSA (PSAD);ng/mL/cm³ | PSA÷Volume;20;>0.20;0.15 a 0.20;;0.10 a 0.14;;<0.10;
;;41001079 - TC tórax;;;;;;;;;
;;TC Tórax - Maior Nódulo Sólido;mm | milímetros;20;>8;6 a 8;;<6;;Ausente;
;;TC Tórax - Enfisema (Goddard Score);score | 0-24 pontos;20;13 a 24;7 a 12;;1 a 6;;0;
;;40201120 - Endoscopia digestiva alta;;;;;;;;;
;;Endoscopia Alta - Esofagite (LA Classification);Grau | A-D;20;D (≥75% circunf);C (<75% circunf);B (>5mm);A (≤5mm);;Normal;
;;Endoscopia Alta - Barrett Esophagus (Prague C);cm | circunferencial GE junction;20;≥5;3 a 4.9;1 a 2.9;;<1;0 (Ausente);
;;Endoscopia Alta - OLGA/OLGIM Stage;Stage | 0-IV;20;IV (Ambos extenso);III (Um extenso);II (Moderado);;I (Mínimo);0 (Ausente);
;;40201082 - Colonoscopia;;;;;;;;;
;;Colonoscopia - Número Total Adenomas;número | contagem adenomas;20;≥10 (Poliposis);5 a 9 (Alto risco);3 a 4 (Risco intermediário);2 (Baixo-int);1 (Baixo);0 (Nenhum);
;;Colonoscopia - Mayo Score UC;score | 0-3 Colite Ulcerativa;20;Mayo 3 (Severo);Mayo 2 alto (Mod-severo);Mayo 2 baixo (Moderado);Mayo 1 alto (Leve-mod);Mayo 1 baixo (Leve);Mayo 0 (Remissão);
;;Colonoscopia - SES-CD Crohn;score | 0-56 Crohn ativo;20;>36 (Muito severo);23 a 36 (Severo);15 a 22 (Moderado);7 a 14 (Leve);4 a 6 (Baixo);0 a 3 (Remissão);
;;41001087 - TC coração para escore de cálcio coronariano;Agatston Units (AU) | 1;20;>1000;401 a 1000;101 a 400;11 a 100;1 a 10;0;
;;41001230 - Angiotomografia coronariana;Categoria | 0-5;20;5 (Oclusão 100%);4 (3v/70%-99%);3 (50-69%);2 (25-49%);1 (1-24%);0 (0%);
;;40808041 - Mamografia digital bilateral;;;;;;;;;
;;Mamografia - BI-RADS;Categoria | 0-6;20;5-6 (Maligno);4B-4C (Alta susp);4A (Baixa susp);3 (Prov benigno);2 (Benigno);1 (Negativo);
;;Mamografia - Densidade Mamária;Categoria | A-D (ACR);20;D (>75% denso);C (51-75% denso);;B (25-50% denso);;A (<25% denso);
;;40901114 - USG mamas;Categoria | 0-6;20;5-6 (Maligno);4B-4C (Alta susp);4A (Baixa susp);3 (Prov benigno);2 (Benigno);1 (Negativo);
;;41301439 - Fundoscopia sob midríase (binocular);;;;;;;;;
;;Fundoscopia - Retinopatia Diabética;Grau | ETDRS;20;Proliferativa;Não-Prolif Severa;Não-Prolif Moderada;;Não-Prolif Leve;Sem Retinopatia;
;;Fundoscopia - Retinopatia Hipertensiva;Grau | Keith-Wagener;20;IV (Papiledema);III (Hemorragias);II (Cruzamentos AV);;I (Estreitamento);Sem Retinopatia;
;;40901300 - USG transvaginal (útero, ovário, anexos e vagina);;;;;;;;;
;;USG Transvaginal - Espessura Endometrial Pós-Menopausa;mm | milímetros;20;>11;8 a 11;5 a 7.9;4 a 4.9;;<4;
;;USG Transvaginal - O-RADS;Categoria | 1-5;20;5 (≥50%);4 (10-50%);3 (1-10%);;2 (<1%);1 (0%);
;;USG Transvaginal - Volume Ovariano;cm³ | centímetros cúbicos;20;>15;10 a 15;;8 a 9.9;;3 a 7.9;
;;40901394 - Doppler colorido de aorta e artérias renais;;;;;;;;;
;;Doppler Aorta - PSV Artéria Renal;cm/s | centímetros por segundo;20;≥300;200 a 299;;180 a 199;;<180;
;;Doppler Aorta - RAR (Renal-Aortic Ratio);ratio | razão PSV renal/aorta;20;≥3.5;;;3.0 a 3.4;;<3.0;
;;40901360 - Doppler colorido de vasos cervicais arteriais bilateral (carótidas e vertebrais);;;;;;;;;
;;Doppler Carótidas - PSV Carótida Interna;cm/s | centímetros por segundo;20;>230;125 a 230;;<125 (c/ placa);;<125 (s/ placa);
;;Doppler Carótidas - Estenose Carotídea;% | porcentagem NASCET;20;70-99%;50-69%;;1-49%;;0%;
;;CIMT Carótidas (Espessura Íntima-Média);mm | 1;20;>1.5;;1.3 a 1.5;;0.9 a 1.3;<0.9;
;;40101010 - Eletrocardiograma (ECG 12 derivações);;;;;;;;;
;;ECG - Frequência Cardíaca;bpm | batimentos por minuto;10;<40;≥120;40 a 59;100 a 119;80 a 99;60 a 79;
;;ECG - QTc (Bazett) - Homens;ms | milissegundos;2;≥500;470 a 499;451 a 469;;431 a 450;<430;
;;ECG - QTc (Bazett) - Mulheres;ms | milissegundos;2;≥500;480 a 499;471 a 479;;461 a 470;<460;
;;ECG - Intervalo PR;ms | milissegundos;2;>300;<100;201 a 300;100 a 119;120 a 139;140 a 200;
;;ECG - Duração QRS;ms | milissegundos;2;≥150;<70;120 a 149;70 a 79;110 a 119;80 a 109;
;;ECG - Sokolow-Lyon (S V1 + R V5/V6);mm | milímetros;2;≥50;<15;40 a 49;15 a 24;35 a 39;25 a 34;
;;ECG - Cornell Voltage - Homens (R aVL + S V3);mm | milímetros;2;≥40;<10;31 a 39;10 a 19;28 a 30;20 a 27;
;;ECG - Cornell Voltage - Mulheres (R aVL + S V3);mm | milímetros;2;≥35;<8;24 a 34;8 a 14;20 a 23;15 a 19;
;;ECG - Eixo Cardíaco;graus | ° (QRS frontal);2;-90 a -180 ou +150 a +180;+120 a +149;-60 a -89;+91 a +119;-30 a -59;-29 a +90;
;;40901106 - Ecodopplercardiograma transtorácico;;;;;;;;;
;;Ecodopplercardiograma - FEVE Homens;% | fração ejeção VE;20;<40 (IC);40 a 49 (Leve↓);>75 (Hiperdinâmico);50 a 54 (Limítrofe);71 a 75 (Alto-normal);55 a 70 (Ótimo);
;;Ecodopplercardiograma - FEVE Mulheres;% | fração ejeção VE;20;<40 (IC);40 a 49 (Leve↓);>77 (Hiperdinâmico);50 a 54 (Limítrofe);71 a 77 (Alto-normal);55 a 70 (Ótimo);
;;Ecodopplercardiograma - GLS;% | global longitudinal strain;20;>-16 (Anormal);-16 a -17;-17.1 a -18;-18.1 a -20;-20.1 a -22;<-22 (Ótimo);
;;Ecodopplercardiograma - E/e' Média;ratio | pressões de enchimento VE;20;>14 (PVE↑);13 a 14;10 a 12.9;9 a 9.9;8 a 8.9;<8 (Ótimo);
;;Ecodopplercardiograma - LAVI;mL/m² | volume atrial esq indexado;20;>48 (Dilatação severa);40 a 48;<22 (Muito pequeno);34 a 39.9;28 a 33.9;22 a 27.9 (Ótimo);
;;Ecodopplercardiograma - TAPSE;mm | função sistólica VD;20;<16 (Disfunção VD);16 a 16.9;>30 (Hiperdinâmico);17 a 19;27 a 30;20 a 26 (Ótimo);
;;40808149 - Densitometria corpo inteiro (composição corporal);;;;;;;;;
;;Densitometria - T-Score Coluna Lombar;score | desvios-padrão;20;<-2.5 (Osteoporose);-2.5 a -2.0;-2.0 a -1.5;-1.5 a -1.0 (Osteopenia);;>-1.0 (Normal);
;;Densitometria - T-Score Colo Femoral;score | desvios-padrão;20;<-2.5 (Osteoporose);-2.5 a -2.0;-2.0 a -1.5;-1.5 a -1.0 (Osteopenia);;>-1.0 (Normal);
;;81000405 - Radiografia panorâmica de mandíbula e maxila;% perda óssea alveolar;20;>60% (Severa);40-60% (Moderada);20-40% (Leve);;<20% (Mínima);0% (Normal);
;;Hidrogênio expirado;;;;;;;;;
;;Metano expirado;;;;;;;;;
;;Hidrogênio Basal (H₂ Jejum);ppm | 1;20;>50;21 a 50;16 a 20;11 a 15;6 a 10;0 a 5;
;;Metano Basal (CH₄ Jejum);ppm | 1;20;>25;16 a 25;10 a 15;6 a 9;3 a 5;0 a 2;
;;Hidrogênio Pico (H₂ Máximo);ppm | 1;20;>100;80 a 100;40 a 79;20 a 39;10 a 19;<10;
;;Metano Pico (CH₄ Máximo);ppm | 1;20;>40;26 a 40;16 a 25;10 a 15;5 a 9;<5;
;;Delta Hidrogênio (Δ H₂);ppm | 1;20;≥80;40 a 79;20 a 39;15 a 19;10 a 14;<10;
;;Delta Metano (Δ CH₄);ppm | 1;20;≥40;20 a 39;15 a 19;10 a 14;5 a 9;<5;
;;Sulfeto de Hidrogênio Basal (H₂S Jejum);ppm | 1;20;>10;5 a 10;3 a 5;;1 a 3;<1;
;;Sulfeto de Hidrogênio Pico (H₂S Máximo);ppm | 1;20;>15;10 a 15;5 a 10;;3 a 5;<3;
Genética;;;;;;;;;;;
